e_id,show_id,time_event,date_event,ticket_price
1,693,18:00:00,2017-12-13,20
2,418,09:00:00,2017-09-02,25
3,139,12:00:00,2017-11-03,25
4,988,09:00:00,2017-08-22,45
5,414,18:00:00,2017-11-11,50
6,494,12:00:00,2017-10-31,35
7,570,18:00:00,2017-11-01,40
8,389,15:00:00,2017-09-22,20
9,661,15:00:00,2017-09-01,25
10,409,12:00:00,2017-08-21,50
11,243,18:00:00,2017-10-01,45
12,52,15:00:00,2017-11-23,35
13,721,21:00:00,2017-09-09,20
14,405,09:00:00,2017-12-22,50
15,218,09:00:00,2017-08-24,40
16,700,21:00:00,2017-11-01,20
17,171,21:00:00,2017-10-11,50
18,638,18:00:00,2017-08-04,45
19,502,15:00:00,2017-10-16,40
20,354,15:00:00,2017-11-28,20
21,815,09:00:00,2017-10-24,35
22,685,21:00:00,2017-10-13,25
23,281,15:00:00,2017-10-23,35
24,334,18:00:00,2017-11-21,25
25,421,09:00:00,2017-08-19,25
26,695,09:00:00,2017-11-28,50
27,535,21:00:00,2017-09-03,25
28,662,12:00:00,2017-08-03,40
29,547,18:00:00,2017-09-11,25
30,972,12:00:00,2017-09-18,30
31,641,21:00:00,2017-11-25,30
32,700,09:00:00,2017-08-21,25
33,71,09:00:00,2017-11-10,35
34,985,09:00:00,2017-09-15,20
35,808,21:00:00,2017-08-20,30
36,165,18:00:00,2017-12-30,45
37,367,12:00:00,2017-11-20,45
38,16,18:00:00,2017-12-19,45
39,672,09:00:00,2017-12-14,30
40,578,12:00:00,2017-10-27,50
41,776,12:00:00,2017-11-29,35
42,889,09:00:00,2017-09-22,25
43,880,12:00:00,2017-12-20,20
44,171,12:00:00,2017-12-22,35
45,669,09:00:00,2017-12-18,40
46,84,15:00:00,2017-10-22,50
47,917,12:00:00,2017-11-17,40
48,404,21:00:00,2017-08-07,45
49,77,18:00:00,2017-09-16,35
50,477,15:00:00,2017-12-05,30
51,563,12:00:00,2017-08-19,50
52,553,18:00:00,2017-10-11,40
53,52,09:00:00,2017-08-27,50
54,676,12:00:00,2017-12-26,50
55,963,12:00:00,2017-12-30,40
56,967,21:00:00,2017-10-15,30
57,145,09:00:00,2017-08-23,40
58,959,18:00:00,2017-10-11,20
59,301,15:00:00,2017-11-09,45
60,460,12:00:00,2017-10-31,35
61,601,15:00:00,2017-11-15,25
62,736,18:00:00,2017-08-15,25
63,947,18:00:00,2017-08-09,45
64,427,09:00:00,2017-08-13,25
65,886,21:00:00,2017-08-30,30
66,808,21:00:00,2017-11-07,40
67,131,09:00:00,2017-10-23,40
68,262,15:00:00,2017-12-04,30
69,711,18:00:00,2017-12-20,40
70,450,21:00:00,2017-09-20,45
71,71,15:00:00,2017-08-15,35
72,512,12:00:00,2017-08-14,30
73,532,15:00:00,2017-09-22,35
74,636,21:00:00,2017-12-14,30
75,23,18:00:00,2017-08-12,50
76,56,21:00:00,2017-11-11,40
77,811,09:00:00,2017-12-16,25
78,656,12:00:00,2017-10-07,35
79,603,15:00:00,2017-10-18,20
80,861,09:00:00,2017-08-13,20
81,12,18:00:00,2017-12-14,45
82,685,18:00:00,2017-08-22,30
83,400,09:00:00,2017-11-04,45
84,398,15:00:00,2017-09-15,40
85,969,21:00:00,2017-08-10,35
86,41,09:00:00,2017-09-29,45
87,150,18:00:00,2017-10-30,40
88,618,18:00:00,2017-09-13,20
89,185,21:00:00,2017-09-01,45
90,533,15:00:00,2017-09-22,25
91,98,09:00:00,2017-10-08,25
92,40,15:00:00,2017-10-03,30
93,676,09:00:00,2017-12-11,40
94,630,12:00:00,2017-12-21,40
95,460,15:00:00,2017-11-24,40
96,372,12:00:00,2017-12-05,35
97,602,12:00:00,2017-12-19,50
98,197,18:00:00,2017-10-11,45
99,605,18:00:00,2017-09-19,50
100,607,12:00:00,2017-09-01,45
101,504,21:00:00,2017-11-03,35
102,140,21:00:00,2017-08-15,50
103,344,09:00:00,2017-08-05,40
104,159,21:00:00,2017-11-19,35
105,255,15:00:00,2017-11-14,45
106,991,21:00:00,2017-09-10,30
107,492,21:00:00,2017-08-12,20
108,817,21:00:00,2017-09-09,50
109,676,18:00:00,2017-12-30,40
110,47,09:00:00,2017-09-26,35
111,950,12:00:00,2017-11-16,40
112,589,15:00:00,2017-12-24,40
113,290,21:00:00,2017-12-31,40
114,298,15:00:00,2017-09-23,50
115,800,15:00:00,2017-10-02,30
116,898,15:00:00,2017-10-13,35
117,472,21:00:00,2017-08-11,50
118,314,12:00:00,2017-08-10,35
119,394,21:00:00,2017-09-10,20
120,909,12:00:00,2017-09-27,40
121,668,18:00:00,2017-12-08,45
122,601,18:00:00,2017-10-12,50
123,749,09:00:00,2017-10-01,20
124,769,15:00:00,2017-12-29,50
125,157,18:00:00,2017-09-27,45
126,837,21:00:00,2017-08-28,20
127,177,18:00:00,2017-08-16,50
128,355,09:00:00,2017-08-05,30
129,26,18:00:00,2017-12-26,25
130,400,12:00:00,2017-11-15,50
131,458,15:00:00,2017-10-05,45
132,618,21:00:00,2017-10-19,50
133,83,21:00:00,2017-10-05,40
134,787,15:00:00,2017-12-18,20
135,761,15:00:00,2017-11-02,30
136,849,12:00:00,2017-11-12,45
137,847,18:00:00,2017-08-15,40
138,923,12:00:00,2017-11-05,30
139,438,21:00:00,2017-12-20,30
140,205,21:00:00,2017-10-09,40
141,3,09:00:00,2017-10-23,50
142,715,09:00:00,2017-10-18,40
143,183,12:00:00,2017-12-12,45
144,895,12:00:00,2017-08-23,20
145,258,12:00:00,2017-12-27,50
146,762,21:00:00,2017-12-11,20
147,404,09:00:00,2017-09-30,30
148,804,18:00:00,2017-10-06,35
149,41,21:00:00,2017-09-01,30
150,881,15:00:00,2017-10-09,25
151,507,09:00:00,2017-11-20,25
152,731,12:00:00,2017-11-10,20
153,152,21:00:00,2017-08-17,40
154,937,15:00:00,2017-09-18,30
155,371,09:00:00,2017-10-07,30
156,322,21:00:00,2017-11-19,20
157,627,12:00:00,2017-09-21,50
158,631,18:00:00,2017-09-21,45
159,833,15:00:00,2017-08-17,40
160,868,15:00:00,2017-10-02,30
161,310,12:00:00,2017-08-07,45
162,142,21:00:00,2017-10-13,35
163,427,18:00:00,2017-09-02,25
164,263,18:00:00,2017-12-20,50
165,450,21:00:00,2017-08-05,30
166,601,09:00:00,2017-08-24,25
167,401,18:00:00,2017-09-15,50
168,5,18:00:00,2017-11-01,40
169,784,15:00:00,2017-12-19,45
170,860,12:00:00,2017-12-08,45
171,393,18:00:00,2017-12-29,20
172,191,09:00:00,2017-11-02,25
173,579,18:00:00,2017-08-13,30
174,362,18:00:00,2017-10-15,50
175,296,09:00:00,2017-09-18,30
176,637,15:00:00,2017-10-02,50
177,310,12:00:00,2017-10-17,35
178,229,15:00:00,2017-11-13,30
179,409,18:00:00,2017-11-15,50
180,945,15:00:00,2017-08-04,50
181,299,21:00:00,2017-11-25,40
182,992,21:00:00,2017-10-18,30
183,25,09:00:00,2017-12-01,30
184,597,18:00:00,2017-09-17,25
185,564,12:00:00,2017-10-08,50
186,922,21:00:00,2017-08-12,20
187,918,12:00:00,2017-12-08,50
188,551,15:00:00,2017-08-27,40
189,394,21:00:00,2017-10-07,35
190,191,12:00:00,2017-11-28,45
191,539,15:00:00,2017-11-17,30
192,982,12:00:00,2017-12-03,50
193,712,18:00:00,2017-11-27,45
194,651,18:00:00,2017-11-21,30
195,569,15:00:00,2017-10-21,30
196,881,21:00:00,2017-11-30,40
197,674,21:00:00,2017-10-26,50
198,11,12:00:00,2017-12-05,45
199,942,18:00:00,2017-12-08,30
200,109,12:00:00,2017-09-08,30
201,780,12:00:00,2017-08-01,50
202,872,12:00:00,2017-09-29,35
203,711,21:00:00,2017-11-17,50
204,375,12:00:00,2017-08-26,35
205,77,18:00:00,2017-09-04,20
206,24,15:00:00,2017-11-16,35
207,50,15:00:00,2017-10-12,45
208,623,18:00:00,2017-10-25,35
209,771,15:00:00,2017-08-26,50
210,553,18:00:00,2017-12-31,20
211,81,09:00:00,2017-10-13,40
212,874,09:00:00,2017-10-16,35
213,49,15:00:00,2017-12-18,20
214,677,21:00:00,2017-09-20,30
215,630,21:00:00,2017-11-14,25
216,373,21:00:00,2017-12-30,25
217,431,15:00:00,2017-08-27,45
218,286,18:00:00,2017-11-11,45
219,80,21:00:00,2017-09-04,35
220,406,12:00:00,2017-10-31,40
221,314,21:00:00,2017-11-03,25
222,618,18:00:00,2017-10-17,25
223,631,21:00:00,2017-12-21,25
224,78,12:00:00,2017-10-21,25
225,186,15:00:00,2017-09-21,45
226,839,09:00:00,2017-11-18,25
227,490,09:00:00,2017-10-29,35
228,507,21:00:00,2017-10-23,45
229,213,12:00:00,2017-09-29,25
230,684,21:00:00,2017-12-29,30
231,895,12:00:00,2017-10-09,25
232,662,21:00:00,2017-10-17,25
233,912,21:00:00,2017-10-06,25
234,609,15:00:00,2017-11-16,50
235,30,12:00:00,2017-09-18,25
236,148,21:00:00,2017-09-14,50
237,982,09:00:00,2017-12-02,30
238,866,15:00:00,2017-09-16,25
239,745,12:00:00,2017-10-25,40
240,697,18:00:00,2017-12-17,45
241,180,21:00:00,2017-11-22,25
242,835,18:00:00,2017-12-11,35
243,602,09:00:00,2017-09-18,45
244,134,15:00:00,2017-10-04,25
245,906,21:00:00,2017-08-24,50
246,433,15:00:00,2017-08-28,30
247,473,18:00:00,2017-09-19,20
248,61,21:00:00,2017-10-23,25
249,675,21:00:00,2017-12-24,45
250,354,09:00:00,2017-09-17,35
251,531,12:00:00,2017-09-13,40
252,690,09:00:00,2017-08-26,25
253,334,15:00:00,2017-09-20,20
254,434,18:00:00,2017-10-18,20
255,201,18:00:00,2017-12-04,40
256,679,15:00:00,2017-08-14,30
257,78,09:00:00,2017-11-17,45
258,996,18:00:00,2017-12-26,40
259,650,18:00:00,2017-11-25,40
260,592,09:00:00,2017-09-28,25
261,974,21:00:00,2017-12-29,50
262,394,12:00:00,2017-08-02,25
263,559,21:00:00,2017-12-27,45
264,262,18:00:00,2017-12-27,45
265,239,12:00:00,2017-10-27,35
266,855,09:00:00,2017-09-19,25
267,523,21:00:00,2017-11-08,30
268,463,15:00:00,2017-11-24,45
269,167,09:00:00,2017-12-31,45
270,515,15:00:00,2017-12-30,25
271,571,21:00:00,2017-12-22,40
272,881,21:00:00,2017-08-16,45
273,382,09:00:00,2017-08-21,40
274,671,09:00:00,2017-10-29,35
275,904,09:00:00,2017-12-10,25
276,440,15:00:00,2017-10-16,50
277,232,21:00:00,2017-10-25,25
278,868,12:00:00,2017-09-30,45
279,725,12:00:00,2017-11-18,45
280,42,12:00:00,2017-08-16,40
281,114,21:00:00,2017-11-09,25
282,945,18:00:00,2017-12-28,40
283,522,15:00:00,2017-08-29,40
284,703,12:00:00,2017-10-10,35
285,878,15:00:00,2017-10-19,35
286,811,12:00:00,2017-11-24,35
287,460,12:00:00,2017-11-12,25
288,592,09:00:00,2017-10-25,35
289,535,21:00:00,2017-11-25,35
290,687,21:00:00,2017-11-27,30
291,146,09:00:00,2017-08-09,25
292,267,21:00:00,2017-12-10,40
293,383,09:00:00,2017-10-25,50
294,490,12:00:00,2017-10-05,40
295,903,09:00:00,2017-09-07,30
296,400,18:00:00,2017-10-24,30
297,587,12:00:00,2017-08-08,40
298,430,18:00:00,2017-11-06,50
299,213,21:00:00,2017-11-02,35
300,916,12:00:00,2017-10-06,45
301,908,09:00:00,2017-08-20,25
302,499,09:00:00,2017-09-25,45
303,767,12:00:00,2017-08-26,50
304,343,21:00:00,2017-10-17,20
305,707,15:00:00,2017-08-12,40
306,100,12:00:00,2017-12-02,40
307,777,09:00:00,2017-12-17,50
308,770,18:00:00,2017-09-23,45
309,733,18:00:00,2017-10-09,40
310,433,15:00:00,2017-10-25,45
311,618,09:00:00,2017-11-09,20
312,324,12:00:00,2017-09-12,30
313,337,15:00:00,2017-12-28,40
314,849,15:00:00,2017-12-30,30
315,701,12:00:00,2017-09-20,20
316,304,12:00:00,2017-08-24,50
317,624,09:00:00,2017-10-04,45
318,644,18:00:00,2017-10-12,25
319,302,15:00:00,2017-09-12,30
320,748,15:00:00,2017-08-08,50
321,262,21:00:00,2017-08-27,40
322,438,18:00:00,2017-08-25,30
323,881,15:00:00,2017-10-19,45
324,815,15:00:00,2017-08-29,25
325,308,15:00:00,2017-08-05,25
326,372,18:00:00,2017-10-09,40
327,996,09:00:00,2017-11-27,35
328,141,12:00:00,2017-11-01,20
329,448,09:00:00,2017-09-09,50
330,947,18:00:00,2017-12-01,30
331,20,21:00:00,2017-09-19,35
332,12,12:00:00,2017-11-29,45
333,34,15:00:00,2017-10-20,30
334,233,12:00:00,2017-11-21,30
335,748,18:00:00,2017-11-11,20
336,710,12:00:00,2017-12-06,50
337,832,15:00:00,2017-12-06,25
338,660,09:00:00,2017-08-19,50
339,97,18:00:00,2017-08-28,45
340,581,12:00:00,2017-09-19,25
341,139,09:00:00,2017-11-18,35
342,945,18:00:00,2017-08-03,40
343,120,12:00:00,2017-10-22,30
344,525,18:00:00,2017-09-21,45
345,141,15:00:00,2017-08-19,25
346,592,09:00:00,2017-12-11,30
347,197,21:00:00,2017-09-09,50
348,140,15:00:00,2017-09-24,35
349,743,18:00:00,2017-08-26,20
350,711,09:00:00,2017-12-29,35
351,832,18:00:00,2017-12-16,45
352,568,18:00:00,2017-09-29,50
353,394,09:00:00,2017-10-25,25
354,558,15:00:00,2017-12-10,30
355,476,12:00:00,2017-11-01,50
356,153,09:00:00,2017-10-25,45
357,448,12:00:00,2017-11-23,40
358,393,18:00:00,2017-09-14,40
359,602,12:00:00,2017-08-14,20
360,961,15:00:00,2017-10-15,50
361,175,09:00:00,2017-09-15,35
362,216,21:00:00,2017-08-07,45
363,284,21:00:00,2017-08-13,25
364,411,12:00:00,2017-09-17,30
365,851,21:00:00,2017-09-18,40
366,999,15:00:00,2017-11-21,45
367,899,21:00:00,2017-08-07,45
368,527,09:00:00,2017-10-24,25
369,276,09:00:00,2017-08-04,40
370,367,12:00:00,2017-11-09,30
371,506,09:00:00,2017-09-02,20
372,506,12:00:00,2017-11-10,30
373,641,15:00:00,2017-12-28,50
374,195,09:00:00,2017-09-08,40
375,477,12:00:00,2017-12-26,25
376,901,09:00:00,2017-11-02,50
377,434,12:00:00,2017-12-12,20
378,315,18:00:00,2017-11-24,35
379,297,18:00:00,2017-08-26,20
380,235,15:00:00,2017-12-02,25
381,234,18:00:00,2017-11-22,25
382,372,18:00:00,2017-12-16,30
383,718,15:00:00,2017-09-22,45
384,886,21:00:00,2017-09-10,20
385,234,15:00:00,2017-09-17,40
386,944,21:00:00,2017-12-20,35
387,821,21:00:00,2017-12-24,40
388,346,15:00:00,2017-10-05,40
389,641,12:00:00,2017-12-09,40
390,662,21:00:00,2017-08-31,35
391,20,18:00:00,2017-08-13,35
392,188,21:00:00,2017-11-14,40
393,129,21:00:00,2017-08-03,20
394,206,09:00:00,2017-10-06,25
395,196,09:00:00,2017-12-11,40
396,239,15:00:00,2017-11-28,40
397,661,12:00:00,2017-11-03,50
398,832,09:00:00,2017-12-06,40
399,508,18:00:00,2017-12-18,25
400,908,12:00:00,2017-09-07,45
401,266,21:00:00,2017-10-08,25
402,178,18:00:00,2017-11-06,25
403,93,15:00:00,2017-11-27,40
404,697,12:00:00,2017-10-08,50
405,259,12:00:00,2017-12-22,40
406,40,15:00:00,2017-08-17,25
407,616,21:00:00,2017-09-05,25
408,367,18:00:00,2017-09-22,20
409,354,12:00:00,2017-11-10,45
410,454,21:00:00,2017-10-14,45
411,992,21:00:00,2017-10-09,35
412,655,18:00:00,2017-10-14,20
413,617,15:00:00,2017-10-29,30
414,585,12:00:00,2017-10-14,30
415,386,21:00:00,2017-09-10,50
416,123,18:00:00,2017-12-27,30
417,547,15:00:00,2017-11-14,20
418,363,21:00:00,2017-08-23,35
419,69,12:00:00,2017-08-23,20
420,177,09:00:00,2017-09-17,25
421,650,15:00:00,2017-12-04,20
422,426,18:00:00,2017-12-08,50
423,6,12:00:00,2017-08-25,25
424,533,15:00:00,2017-08-16,30
425,159,15:00:00,2017-11-30,25
426,431,09:00:00,2017-09-20,30
427,290,09:00:00,2017-08-08,35
428,337,09:00:00,2017-10-08,25
429,470,21:00:00,2017-09-14,30
430,888,18:00:00,2017-08-06,30
431,755,18:00:00,2017-11-06,45
432,215,21:00:00,2017-09-19,35
433,702,15:00:00,2017-12-01,40
434,761,15:00:00,2017-09-24,20
435,305,18:00:00,2017-08-25,35
436,281,09:00:00,2017-08-04,20
437,449,21:00:00,2017-09-12,20
438,894,21:00:00,2017-10-25,40
439,711,21:00:00,2017-09-04,25
440,438,15:00:00,2017-10-31,35
441,817,18:00:00,2017-11-15,30
442,521,21:00:00,2017-10-15,30
443,982,18:00:00,2017-12-24,40
444,594,09:00:00,2017-12-28,40
445,707,12:00:00,2017-10-29,40
446,787,21:00:00,2017-12-01,25
447,997,21:00:00,2017-08-11,50
448,905,21:00:00,2017-10-05,20
449,136,15:00:00,2017-12-26,40
450,404,12:00:00,2017-09-02,45
451,790,12:00:00,2017-12-02,40
452,97,21:00:00,2017-10-10,20
453,964,09:00:00,2017-12-05,45
454,97,15:00:00,2017-11-15,35
455,791,09:00:00,2017-08-16,30
456,464,12:00:00,2017-09-04,35
457,674,15:00:00,2017-12-05,20
458,881,15:00:00,2017-11-22,25
459,271,21:00:00,2017-09-30,40
460,578,21:00:00,2017-10-23,30
461,185,09:00:00,2017-08-24,35
462,594,09:00:00,2017-10-07,20
463,977,21:00:00,2017-11-22,20
464,528,15:00:00,2017-11-15,45
465,660,12:00:00,2017-11-26,25
466,177,09:00:00,2017-10-09,40
467,479,12:00:00,2017-12-26,20
468,892,18:00:00,2017-11-10,50
469,791,15:00:00,2017-08-29,35
470,765,15:00:00,2017-11-30,50
471,808,09:00:00,2017-12-15,40
472,712,12:00:00,2017-09-20,20
473,820,15:00:00,2017-09-16,25
474,411,18:00:00,2017-11-08,45
475,318,09:00:00,2017-10-31,30
476,61,12:00:00,2017-11-13,30
477,47,09:00:00,2017-11-21,30
478,601,18:00:00,2017-09-01,20
479,805,18:00:00,2017-10-19,35
480,280,18:00:00,2017-12-31,25
481,367,12:00:00,2017-08-04,50
482,625,21:00:00,2017-08-28,45
483,547,15:00:00,2017-09-23,20
484,551,21:00:00,2017-09-03,20
485,871,21:00:00,2017-08-10,50
486,157,18:00:00,2017-08-06,35
487,310,15:00:00,2017-09-28,35
488,893,15:00:00,2017-09-14,30
489,881,12:00:00,2017-11-26,45
490,958,18:00:00,2017-08-17,20
491,844,18:00:00,2017-10-22,35
492,906,09:00:00,2017-08-08,20
493,454,09:00:00,2017-08-07,40
494,239,09:00:00,2017-11-23,30
495,101,12:00:00,2017-11-15,40
496,71,21:00:00,2017-08-06,25
497,949,18:00:00,2017-11-25,20
498,184,21:00:00,2017-09-25,50
499,570,15:00:00,2017-08-21,50
500,656,15:00:00,2017-10-29,45
501,21,21:00:00,2017-11-04,40
502,30,15:00:00,2017-10-10,45
503,474,15:00:00,2017-09-23,30
504,908,21:00:00,2017-09-26,35
505,205,09:00:00,2017-08-25,20
506,735,18:00:00,2017-12-31,35
507,559,21:00:00,2017-09-20,25
508,959,09:00:00,2017-10-25,35
509,372,18:00:00,2017-12-18,35
510,39,12:00:00,2017-11-27,30
511,830,09:00:00,2017-08-18,25
512,307,12:00:00,2017-09-09,45
513,41,12:00:00,2017-08-19,25
514,134,12:00:00,2017-09-19,50
515,932,09:00:00,2017-10-29,25
516,877,09:00:00,2017-11-21,45
517,234,15:00:00,2017-11-30,40
518,146,12:00:00,2017-11-19,50
519,901,15:00:00,2017-12-22,40
520,241,15:00:00,2017-09-15,25
521,912,09:00:00,2017-11-16,35
522,337,15:00:00,2017-11-16,35
523,404,09:00:00,2017-11-03,50
524,458,21:00:00,2017-12-30,25
525,224,12:00:00,2017-10-28,30
526,678,15:00:00,2017-08-09,25
527,493,12:00:00,2017-08-26,25
528,185,09:00:00,2017-10-18,25
529,467,21:00:00,2017-08-13,35
530,354,21:00:00,2017-09-04,25
531,211,09:00:00,2017-12-20,35
532,924,09:00:00,2017-11-05,20
533,201,21:00:00,2017-10-27,40
534,535,15:00:00,2017-08-27,35
535,100,12:00:00,2017-09-05,25
536,411,09:00:00,2017-09-03,35
537,20,15:00:00,2017-10-24,50
538,89,18:00:00,2017-10-09,50
539,182,18:00:00,2017-11-12,25
540,128,15:00:00,2017-12-27,35
541,308,12:00:00,2017-08-20,30
542,621,18:00:00,2017-08-15,50
543,513,12:00:00,2017-12-24,40
544,243,21:00:00,2017-10-02,20
545,888,18:00:00,2017-08-11,40
546,595,21:00:00,2017-08-04,20
547,438,09:00:00,2017-09-11,20
548,597,18:00:00,2017-11-01,25
549,562,15:00:00,2017-09-16,40
550,761,12:00:00,2017-08-30,20
551,430,21:00:00,2017-09-28,50
552,894,09:00:00,2017-12-16,30
553,464,12:00:00,2017-12-11,50
554,3,12:00:00,2017-09-30,25
555,285,12:00:00,2017-08-14,50
556,6,21:00:00,2017-10-23,20
557,179,09:00:00,2017-08-14,25
558,302,09:00:00,2017-09-30,40
559,364,21:00:00,2017-08-20,40
560,548,12:00:00,2017-11-24,35
561,368,21:00:00,2017-08-17,50
562,286,18:00:00,2017-09-19,20
563,735,12:00:00,2017-08-03,30
564,562,15:00:00,2017-09-03,20
565,334,12:00:00,2017-08-23,35
566,969,09:00:00,2017-08-07,25
567,124,21:00:00,2017-11-29,30
568,901,15:00:00,2017-08-21,25
569,82,09:00:00,2017-12-18,25
570,193,12:00:00,2017-12-02,40
571,717,21:00:00,2017-08-21,20
572,150,18:00:00,2017-09-05,40
573,542,12:00:00,2017-09-20,30
574,496,15:00:00,2017-10-19,30
575,249,09:00:00,2017-09-05,45
576,912,12:00:00,2017-08-05,45
577,370,09:00:00,2017-12-10,30
578,96,09:00:00,2017-09-15,30
579,558,21:00:00,2017-08-02,45
580,592,21:00:00,2017-12-22,40
581,434,09:00:00,2017-11-27,20
582,40,15:00:00,2017-11-06,35
583,709,21:00:00,2017-11-21,50
584,989,21:00:00,2017-10-09,30
585,945,12:00:00,2017-08-09,20
586,388,12:00:00,2017-10-02,25
587,634,09:00:00,2017-10-21,45
588,766,12:00:00,2017-12-20,25
589,319,12:00:00,2017-11-30,40
590,58,09:00:00,2017-10-16,35
591,143,21:00:00,2017-10-17,35
592,645,21:00:00,2017-12-14,30
593,984,15:00:00,2017-09-01,25
594,529,12:00:00,2017-09-11,40
595,329,18:00:00,2017-10-05,35
596,516,15:00:00,2017-08-24,35
597,362,15:00:00,2017-11-21,45
598,416,15:00:00,2017-11-11,50
599,972,09:00:00,2017-10-28,30
600,260,09:00:00,2017-09-07,30
601,191,15:00:00,2017-11-27,25
602,298,15:00:00,2017-08-18,25
603,779,09:00:00,2017-10-05,40
604,25,12:00:00,2017-08-05,30
605,13,09:00:00,2017-10-19,50
606,184,12:00:00,2017-09-20,20
607,103,18:00:00,2017-08-05,20
608,180,18:00:00,2017-09-26,30
609,928,09:00:00,2017-10-23,50
610,535,09:00:00,2017-09-17,35
611,655,18:00:00,2017-09-15,35
612,369,21:00:00,2017-12-17,35
613,991,09:00:00,2017-09-15,45
614,669,15:00:00,2017-08-10,40
615,628,21:00:00,2017-08-13,35
616,314,15:00:00,2017-08-21,20
617,717,12:00:00,2017-11-19,20
618,201,18:00:00,2017-09-03,35
619,92,12:00:00,2017-10-18,35
620,742,12:00:00,2017-10-23,50
621,355,21:00:00,2017-12-21,50
622,100,09:00:00,2017-08-29,30
623,789,18:00:00,2017-10-23,30
624,54,18:00:00,2017-11-16,45
625,350,15:00:00,2017-10-18,45
626,877,21:00:00,2017-12-19,30
627,521,15:00:00,2017-12-27,45
628,939,18:00:00,2017-09-06,40
629,9,15:00:00,2017-08-18,20
630,407,15:00:00,2017-11-24,45
631,288,09:00:00,2017-10-18,25
632,116,21:00:00,2017-10-13,20
633,127,21:00:00,2017-08-04,45
634,998,21:00:00,2017-12-30,20
635,890,15:00:00,2017-12-01,35
636,301,21:00:00,2017-08-31,30
637,350,09:00:00,2017-10-16,30
638,845,18:00:00,2017-11-21,25
639,99,09:00:00,2017-12-21,40
640,301,18:00:00,2017-12-21,25
641,286,15:00:00,2017-08-16,20
642,189,18:00:00,2017-11-10,35
643,929,12:00:00,2017-08-16,50
644,114,21:00:00,2017-10-13,50
645,825,12:00:00,2017-09-24,40
646,887,18:00:00,2017-08-23,50
647,547,12:00:00,2017-11-16,30
648,680,15:00:00,2017-08-30,40
649,741,09:00:00,2017-10-29,35
650,125,15:00:00,2017-09-24,35
651,602,15:00:00,2017-11-29,20
652,409,12:00:00,2017-10-20,30
653,312,09:00:00,2017-09-01,45
654,13,12:00:00,2017-10-25,40
655,552,15:00:00,2017-11-01,35
656,772,09:00:00,2017-10-10,20
657,469,15:00:00,2017-09-05,25
658,255,18:00:00,2017-11-23,25
659,832,12:00:00,2017-09-08,30
660,371,12:00:00,2017-10-16,30
661,525,12:00:00,2017-08-17,45
662,576,15:00:00,2017-10-22,25
663,95,15:00:00,2017-11-11,50
664,683,21:00:00,2017-12-07,20
665,989,18:00:00,2017-10-01,45
666,637,21:00:00,2017-11-05,40
667,1,21:00:00,2017-12-30,20
668,438,15:00:00,2017-12-12,50
669,306,18:00:00,2017-10-28,50
670,393,12:00:00,2017-08-29,25
671,363,12:00:00,2017-11-26,35
672,554,15:00:00,2017-08-24,30
673,308,12:00:00,2017-09-17,35
674,332,12:00:00,2017-11-24,25
675,758,21:00:00,2017-09-29,35
676,27,12:00:00,2017-09-13,45
677,243,18:00:00,2017-11-11,30
678,367,12:00:00,2017-10-31,20
679,72,09:00:00,2017-09-05,20
680,25,09:00:00,2017-11-26,25
681,819,12:00:00,2017-09-05,35
682,71,21:00:00,2017-09-11,35
683,788,21:00:00,2017-12-25,40
684,639,12:00:00,2017-12-06,45
685,593,09:00:00,2017-10-26,40
686,450,12:00:00,2017-09-17,40
687,326,21:00:00,2017-10-03,20
688,562,18:00:00,2017-08-14,35
689,492,15:00:00,2017-12-23,25
690,124,12:00:00,2017-11-08,45
691,286,18:00:00,2017-11-18,30
692,490,18:00:00,2017-08-15,30
693,995,15:00:00,2017-09-28,50
694,450,12:00:00,2017-11-12,30
695,463,12:00:00,2017-08-11,35
696,165,18:00:00,2017-12-22,50
697,206,18:00:00,2017-10-11,40
698,150,15:00:00,2017-08-14,35
699,957,15:00:00,2017-10-18,35
700,477,21:00:00,2017-12-21,25
701,753,18:00:00,2017-12-13,30
702,628,12:00:00,2017-08-28,45
703,254,12:00:00,2017-08-26,40
704,54,18:00:00,2017-12-14,30
705,611,21:00:00,2017-09-13,25
706,188,09:00:00,2017-10-08,30
707,891,09:00:00,2017-11-22,30
708,214,15:00:00,2017-08-15,50
709,989,18:00:00,2017-12-16,45
710,480,15:00:00,2017-08-08,50
711,883,21:00:00,2017-12-05,45
712,189,12:00:00,2017-10-25,20
713,397,15:00:00,2017-09-24,20
714,261,21:00:00,2017-08-18,35
715,434,12:00:00,2017-11-19,20
716,662,09:00:00,2017-09-29,25
717,231,12:00:00,2017-12-30,45
718,687,21:00:00,2017-09-27,20
719,91,12:00:00,2017-11-03,20
720,22,15:00:00,2017-11-18,25
721,711,21:00:00,2017-12-06,50
722,817,18:00:00,2017-12-13,30
723,994,21:00:00,2017-08-28,20
724,110,12:00:00,2017-12-31,45
725,604,15:00:00,2017-08-06,30
726,228,15:00:00,2017-11-09,40
727,909,15:00:00,2017-11-02,30
728,5,21:00:00,2017-08-25,50
729,703,12:00:00,2017-10-22,30
730,112,09:00:00,2017-11-02,25
731,129,12:00:00,2017-09-05,40
732,13,21:00:00,2017-08-31,20
733,320,21:00:00,2017-08-28,20
734,945,12:00:00,2017-10-23,30
735,94,18:00:00,2017-09-28,40
736,206,18:00:00,2017-10-16,35
737,907,15:00:00,2017-10-26,20
738,923,12:00:00,2017-12-03,25
739,434,12:00:00,2017-11-16,40
740,830,12:00:00,2017-09-08,40
741,381,15:00:00,2017-09-01,40
742,320,18:00:00,2017-11-07,35
743,175,21:00:00,2017-08-15,50
744,968,21:00:00,2017-08-10,40
745,262,09:00:00,2017-10-03,30
746,192,12:00:00,2017-10-12,50
747,656,12:00:00,2017-10-28,35
748,386,15:00:00,2017-11-13,50
749,241,09:00:00,2017-12-24,20
750,448,09:00:00,2017-11-09,45
751,932,21:00:00,2017-12-23,45
752,21,18:00:00,2017-12-06,45
753,47,21:00:00,2017-09-28,50
754,359,21:00:00,2017-08-07,35
755,994,15:00:00,2017-08-16,35
756,477,18:00:00,2017-09-11,20
757,119,09:00:00,2017-10-02,50
758,786,18:00:00,2017-08-17,40
759,441,12:00:00,2017-08-30,50
760,564,21:00:00,2017-09-08,45
761,99,21:00:00,2017-08-24,20
762,705,09:00:00,2017-09-21,45
763,111,09:00:00,2017-12-13,40
764,183,18:00:00,2017-08-19,20
765,32,12:00:00,2017-12-31,45
766,25,09:00:00,2017-10-03,25
767,109,15:00:00,2017-10-11,45
768,984,15:00:00,2017-09-07,40
769,609,15:00:00,2017-12-21,50
770,291,21:00:00,2017-08-17,25
771,391,21:00:00,2017-08-12,45
772,565,15:00:00,2017-09-16,50
773,455,21:00:00,2017-08-21,50
774,286,21:00:00,2017-08-21,45
775,404,15:00:00,2017-10-20,40
776,537,21:00:00,2017-09-12,40
777,991,21:00:00,2017-09-18,45
778,808,21:00:00,2017-12-27,50
779,770,09:00:00,2017-12-24,30
780,874,18:00:00,2017-09-20,25
781,790,21:00:00,2017-10-16,25
782,308,09:00:00,2017-08-12,45
783,650,12:00:00,2017-09-22,25
784,326,15:00:00,2017-10-07,25
785,628,12:00:00,2017-11-30,50
786,74,12:00:00,2017-09-14,20
787,712,21:00:00,2017-11-13,50
788,360,21:00:00,2017-08-14,20
789,996,09:00:00,2017-10-09,40
790,514,18:00:00,2017-12-07,25
791,889,12:00:00,2017-10-29,40
792,473,09:00:00,2017-12-29,30
793,370,18:00:00,2017-09-01,20
794,72,15:00:00,2017-08-20,25
795,295,18:00:00,2017-10-14,30
796,216,09:00:00,2017-10-31,35
797,785,12:00:00,2017-08-05,45
798,703,18:00:00,2017-12-28,20
799,714,12:00:00,2017-08-30,20
800,668,18:00:00,2017-11-05,20
801,491,09:00:00,2017-11-21,20
802,87,21:00:00,2017-11-01,35
803,192,15:00:00,2017-10-05,50
804,887,12:00:00,2017-08-30,25
805,973,12:00:00,2017-10-28,50
806,234,18:00:00,2017-11-05,50
807,98,21:00:00,2017-12-02,35
808,936,12:00:00,2017-10-09,35
809,466,09:00:00,2017-09-16,20
810,186,21:00:00,2017-09-17,35
811,855,09:00:00,2017-12-10,45
812,343,12:00:00,2017-09-09,25
813,85,12:00:00,2017-12-28,25
814,282,09:00:00,2017-12-20,20
815,348,09:00:00,2017-12-12,25
816,537,18:00:00,2017-09-04,45
817,110,15:00:00,2017-11-18,30
818,797,15:00:00,2017-11-01,40
819,227,18:00:00,2017-09-26,30
820,911,12:00:00,2017-11-15,45
821,421,12:00:00,2017-09-05,40
822,469,15:00:00,2017-09-10,40
823,464,15:00:00,2017-11-05,20
824,748,21:00:00,2017-09-20,25
825,133,21:00:00,2017-08-17,35
826,874,15:00:00,2017-11-21,25
827,832,09:00:00,2017-10-04,35
828,751,09:00:00,2017-11-27,25
829,380,09:00:00,2017-12-21,40
830,901,21:00:00,2017-12-19,30
831,969,09:00:00,2017-08-19,50
832,262,12:00:00,2017-12-11,20
833,922,18:00:00,2017-11-07,50
834,181,09:00:00,2017-08-19,25
835,491,15:00:00,2017-09-13,45
836,235,12:00:00,2017-09-21,40
837,945,12:00:00,2017-08-10,25
838,100,21:00:00,2017-08-27,35
839,287,18:00:00,2017-11-04,35
840,849,12:00:00,2017-10-27,45
841,335,12:00:00,2017-12-09,35
842,604,21:00:00,2017-09-16,35
843,430,15:00:00,2017-09-26,30
844,628,21:00:00,2017-08-27,45
845,492,18:00:00,2017-12-06,20
846,350,15:00:00,2017-11-04,20
847,38,09:00:00,2017-08-24,25
848,218,21:00:00,2017-08-18,45
849,270,15:00:00,2017-08-22,20
850,555,21:00:00,2017-12-04,40
851,929,15:00:00,2017-12-14,45
852,159,15:00:00,2017-09-21,50
853,201,15:00:00,2017-10-27,25
854,547,09:00:00,2017-09-26,45
855,408,12:00:00,2017-11-17,20
856,85,18:00:00,2017-09-11,25
857,963,09:00:00,2017-12-21,40
858,27,21:00:00,2017-10-21,45
859,683,21:00:00,2017-08-27,35
860,213,18:00:00,2017-11-21,30
861,894,12:00:00,2017-08-22,40
862,922,18:00:00,2017-11-05,50
863,69,15:00:00,2017-12-19,25
864,200,09:00:00,2017-09-16,40
865,919,21:00:00,2017-09-29,45
866,6,09:00:00,2017-09-21,50
867,359,15:00:00,2017-12-15,20
868,322,12:00:00,2017-08-13,25
869,531,09:00:00,2017-12-07,50
870,581,18:00:00,2017-09-15,50
871,251,09:00:00,2017-12-21,35
872,47,18:00:00,2017-11-24,35
873,694,12:00:00,2017-11-28,25
874,835,15:00:00,2017-09-29,50
875,619,09:00:00,2017-11-04,50
876,78,18:00:00,2017-09-21,45
877,832,15:00:00,2017-09-30,25
878,963,12:00:00,2017-10-14,25
879,5,21:00:00,2017-10-27,45
880,440,15:00:00,2017-12-24,25
881,464,21:00:00,2017-12-21,30
882,371,18:00:00,2017-09-10,25
883,35,21:00:00,2017-08-07,45
884,319,09:00:00,2017-09-15,35
885,527,21:00:00,2017-11-17,40
886,540,21:00:00,2017-10-18,45
887,22,12:00:00,2017-10-24,50
888,213,18:00:00,2017-09-01,30
889,926,12:00:00,2017-11-11,45
890,309,21:00:00,2017-12-14,45
891,780,18:00:00,2017-08-29,50
892,720,18:00:00,2017-12-31,20
893,663,15:00:00,2017-11-26,25
894,748,18:00:00,2017-09-25,45
895,378,15:00:00,2017-12-01,25
896,796,21:00:00,2017-09-04,40
897,389,12:00:00,2017-09-27,50
898,71,09:00:00,2017-09-08,30
899,671,21:00:00,2017-12-07,20
900,637,18:00:00,2017-12-18,45
901,540,15:00:00,2017-09-11,20
902,692,18:00:00,2017-11-02,35
903,923,15:00:00,2017-11-25,40
904,166,09:00:00,2017-11-23,50
905,475,12:00:00,2017-10-31,45
906,335,12:00:00,2017-11-11,25
907,601,09:00:00,2017-12-03,50
908,124,18:00:00,2017-10-19,35
909,268,18:00:00,2017-09-20,20
910,154,09:00:00,2017-10-12,30
911,40,09:00:00,2017-08-25,40
912,868,15:00:00,2017-08-23,20
913,995,15:00:00,2017-09-05,25
914,786,09:00:00,2017-10-07,50
915,52,18:00:00,2017-12-26,45
916,541,21:00:00,2017-09-17,20
917,5,09:00:00,2017-11-02,40
918,414,09:00:00,2017-08-24,40
919,247,12:00:00,2017-11-22,45
920,21,18:00:00,2017-10-26,30
921,728,18:00:00,2017-12-03,40
922,540,09:00:00,2017-09-02,40
923,904,15:00:00,2017-10-18,50
924,849,12:00:00,2017-10-03,40
925,52,09:00:00,2017-11-22,25
926,228,09:00:00,2017-08-23,40
927,180,12:00:00,2017-08-05,30
928,976,12:00:00,2017-12-26,35
929,154,18:00:00,2017-08-25,20
930,263,21:00:00,2017-10-17,25
931,331,15:00:00,2017-12-22,35
932,893,12:00:00,2017-11-30,30
933,597,12:00:00,2017-11-05,45
934,746,12:00:00,2017-09-01,40
935,900,12:00:00,2017-08-01,45
936,760,09:00:00,2017-09-20,25
937,267,15:00:00,2017-10-31,45
938,46,12:00:00,2017-12-03,45
939,798,18:00:00,2017-12-17,35
940,660,09:00:00,2017-12-01,40
941,592,12:00:00,2017-08-08,40
942,199,21:00:00,2017-10-01,50
943,423,12:00:00,2017-09-22,40
944,136,21:00:00,2017-09-05,45
945,398,09:00:00,2017-11-24,20
946,829,18:00:00,2017-11-19,35
947,858,15:00:00,2017-10-08,20
948,721,09:00:00,2017-08-12,30
949,52,21:00:00,2017-08-07,40
950,273,09:00:00,2017-11-21,25
951,661,18:00:00,2017-10-21,30
952,626,12:00:00,2017-10-25,35
953,698,09:00:00,2017-11-20,20
954,924,12:00:00,2017-09-13,35
955,470,18:00:00,2017-11-30,30
956,311,09:00:00,2017-08-19,50
957,340,15:00:00,2017-11-06,25
958,921,21:00:00,2017-10-04,25
959,923,15:00:00,2017-09-11,40
960,12,15:00:00,2017-12-10,30
961,148,12:00:00,2017-09-03,25
962,973,21:00:00,2017-09-23,50
963,379,21:00:00,2017-09-09,20
964,564,15:00:00,2017-12-22,20
965,41,12:00:00,2017-10-13,35
966,74,18:00:00,2017-08-02,20
967,888,12:00:00,2017-12-22,35
968,777,18:00:00,2017-08-02,20
969,578,21:00:00,2017-11-23,35
970,384,21:00:00,2017-08-29,30
971,492,21:00:00,2017-11-26,20
972,21,18:00:00,2017-08-26,40
973,729,15:00:00,2017-08-25,20
974,210,21:00:00,2017-08-11,20
975,71,18:00:00,2017-09-03,20
976,231,15:00:00,2017-10-31,35
977,267,09:00:00,2017-12-15,50
978,379,15:00:00,2017-11-02,45
979,6,12:00:00,2017-10-25,45
980,670,21:00:00,2017-10-31,35
981,120,21:00:00,2017-09-18,30
982,136,12:00:00,2017-12-01,45
983,512,12:00:00,2017-11-13,50
984,179,15:00:00,2017-12-14,45
985,957,21:00:00,2017-12-02,50
986,761,21:00:00,2017-11-02,35
987,984,21:00:00,2017-08-15,40
988,356,12:00:00,2017-08-23,20
989,817,15:00:00,2017-08-17,40
990,464,21:00:00,2017-08-13,30
991,872,12:00:00,2017-12-15,50
992,808,09:00:00,2017-12-30,50
993,280,09:00:00,2017-10-19,40
994,846,12:00:00,2017-12-26,25
995,64,18:00:00,2017-09-04,35
996,510,09:00:00,2017-09-26,30
997,789,21:00:00,2017-08-05,50
998,672,21:00:00,2017-08-13,35
999,133,09:00:00,2017-10-02,40
1000,372,09:00:00,2017-08-31,45
1001,157,15:00:00,2017-09-05,50
1002,687,12:00:00,2017-11-02,35
1003,733,15:00:00,2017-12-20,35
1004,188,18:00:00,2017-11-07,35
1005,996,12:00:00,2017-11-19,45
1006,917,12:00:00,2017-10-11,25
1007,108,18:00:00,2017-08-12,45
1008,50,15:00:00,2017-10-16,20
1009,996,09:00:00,2017-08-22,25
1010,701,18:00:00,2017-08-31,35
1011,514,15:00:00,2017-11-16,45
1012,671,21:00:00,2017-08-30,50
1013,265,18:00:00,2017-11-02,25
1014,513,21:00:00,2017-08-11,45
1015,707,21:00:00,2017-08-22,40
1016,617,15:00:00,2017-08-19,20
1017,946,18:00:00,2017-08-30,30
1018,321,15:00:00,2017-10-19,25
1019,227,21:00:00,2017-12-31,50
1020,242,09:00:00,2017-12-06,45
1021,763,18:00:00,2017-11-20,50
1022,94,18:00:00,2017-09-07,30
1023,50,09:00:00,2017-12-21,35
1024,277,15:00:00,2017-08-09,45
1025,523,18:00:00,2017-11-14,30
1026,651,15:00:00,2017-11-29,50
1027,490,09:00:00,2017-11-12,20
1028,426,15:00:00,2017-11-27,35
1029,520,09:00:00,2017-11-26,30
1030,697,18:00:00,2017-09-13,35
1031,535,18:00:00,2017-11-06,25
1032,247,18:00:00,2017-12-28,20
1033,406,18:00:00,2017-10-28,20
1034,430,21:00:00,2017-08-28,45
1035,339,09:00:00,2017-09-30,30
1036,403,21:00:00,2017-09-22,25
1037,241,18:00:00,2017-10-10,50
1038,216,12:00:00,2017-10-04,35
1039,423,21:00:00,2017-11-15,30
1040,150,09:00:00,2017-10-16,35
1041,685,18:00:00,2017-11-14,20
1042,159,12:00:00,2017-11-28,40
1043,929,18:00:00,2017-12-19,20
1044,674,21:00:00,2017-09-06,40
1045,430,12:00:00,2017-09-13,45
1046,320,18:00:00,2017-10-31,50
1047,765,15:00:00,2017-10-31,40
1048,431,15:00:00,2017-09-20,30
1049,685,21:00:00,2017-11-30,45
1050,656,12:00:00,2017-08-10,25
1051,463,21:00:00,2017-12-03,35
1052,577,09:00:00,2017-10-08,40
1053,46,21:00:00,2017-12-07,30
1054,490,18:00:00,2017-12-17,45
1055,994,12:00:00,2017-12-22,25
1056,393,18:00:00,2017-12-19,20
1057,560,15:00:00,2017-11-18,25
1058,491,21:00:00,2017-11-14,35
1059,421,15:00:00,2017-10-21,25
1060,278,12:00:00,2017-09-22,45
1061,561,18:00:00,2017-11-25,25
1062,365,21:00:00,2017-08-26,35
1063,676,18:00:00,2017-09-02,40
1064,12,18:00:00,2017-10-15,40
1065,318,09:00:00,2017-12-12,20
1066,348,12:00:00,2017-08-22,45
1067,711,09:00:00,2017-11-01,20
1068,635,21:00:00,2017-09-22,45
1069,266,21:00:00,2017-11-18,20
1070,832,18:00:00,2017-10-22,35
1071,715,09:00:00,2017-09-15,40
1072,307,09:00:00,2017-08-17,20
1073,226,12:00:00,2017-11-18,25
1074,12,15:00:00,2017-08-22,20
1075,678,18:00:00,2017-11-16,40
1076,786,15:00:00,2017-11-20,35
1077,633,18:00:00,2017-08-05,50
1078,961,12:00:00,2017-12-12,20
1079,308,09:00:00,2017-11-24,20
1080,552,09:00:00,2017-12-27,25
1081,473,09:00:00,2017-10-03,30
1082,751,21:00:00,2017-12-09,35
1083,138,15:00:00,2017-08-13,20
1084,910,12:00:00,2017-12-04,45
1085,424,18:00:00,2017-09-17,30
1086,12,18:00:00,2017-12-20,35
1087,869,18:00:00,2017-11-28,40
1088,154,09:00:00,2017-09-14,30
1089,893,15:00:00,2017-11-13,25
1090,997,21:00:00,2017-09-20,30
1091,175,15:00:00,2017-10-11,40
1092,150,12:00:00,2017-09-29,40
1093,991,12:00:00,2017-10-12,25
1094,942,15:00:00,2017-08-16,25
1095,414,18:00:00,2017-12-19,30
1096,732,09:00:00,2017-10-09,25
1097,16,18:00:00,2017-08-14,30
1098,143,12:00:00,2017-10-04,20
1099,100,12:00:00,2017-09-03,25
1100,88,18:00:00,2017-11-04,50
1101,341,18:00:00,2017-11-30,40
1102,93,09:00:00,2017-10-03,35
1103,490,09:00:00,2017-12-18,25
1104,499,09:00:00,2017-08-29,50
1105,897,12:00:00,2017-10-22,45
1106,637,21:00:00,2017-09-23,50
1107,516,21:00:00,2017-09-14,45
1108,242,21:00:00,2017-09-23,50
1109,454,18:00:00,2017-12-14,50
1110,898,21:00:00,2017-10-25,35
1111,806,18:00:00,2017-09-28,35
1112,586,12:00:00,2017-09-16,35
1113,201,09:00:00,2017-12-10,20
1114,917,15:00:00,2017-08-24,25
1115,815,18:00:00,2017-09-06,40
1116,860,18:00:00,2017-11-11,30
1117,900,12:00:00,2017-11-05,30
1118,286,12:00:00,2017-12-03,40
1119,474,12:00:00,2017-10-09,40
1120,541,12:00:00,2017-11-21,25
1121,748,15:00:00,2017-11-12,50
1122,366,12:00:00,2017-10-01,45
1123,410,21:00:00,2017-10-22,35
1124,25,15:00:00,2017-11-24,20
1125,899,18:00:00,2017-08-29,35
1126,234,12:00:00,2017-09-17,40
1127,131,15:00:00,2017-11-11,25
1128,760,21:00:00,2017-09-01,20
1129,106,21:00:00,2017-08-14,45
1130,997,21:00:00,2017-08-19,20
1131,363,15:00:00,2017-11-14,30
1132,855,09:00:00,2017-12-11,35
1133,348,12:00:00,2017-10-11,50
1134,973,21:00:00,2017-11-25,35
1135,922,15:00:00,2017-10-14,30
1136,985,15:00:00,2017-08-24,35
1137,823,15:00:00,2017-08-03,45
1138,23,09:00:00,2017-08-19,20
1139,973,09:00:00,2017-10-17,25
1140,958,12:00:00,2017-11-15,35
1141,783,12:00:00,2017-09-01,20
1142,937,15:00:00,2017-12-28,35
1143,307,09:00:00,2017-11-11,30
1144,53,12:00:00,2017-12-10,50
1145,210,12:00:00,2017-08-07,50
1146,495,18:00:00,2017-09-13,25
1147,179,12:00:00,2017-10-25,35
1148,366,21:00:00,2017-10-16,35
1149,748,21:00:00,2017-08-07,40
1150,895,09:00:00,2017-09-15,30
1151,844,21:00:00,2017-11-02,45
1152,366,21:00:00,2017-12-04,30
1153,676,09:00:00,2017-12-04,40
1154,994,12:00:00,2017-10-14,35
1155,877,12:00:00,2017-09-14,45
1156,58,09:00:00,2017-08-16,25
1157,239,12:00:00,2017-08-06,40
1158,787,21:00:00,2017-08-06,45
1159,350,18:00:00,2017-11-17,20
1160,215,21:00:00,2017-11-03,50
1161,127,18:00:00,2017-08-23,45
1162,679,12:00:00,2017-10-12,40
1163,656,18:00:00,2017-11-21,50
1164,27,18:00:00,2017-08-05,50
1165,509,09:00:00,2017-08-22,35
1166,195,15:00:00,2017-12-28,35
1167,538,09:00:00,2017-08-23,40
1168,136,09:00:00,2017-10-11,45
1169,361,21:00:00,2017-10-23,40
1170,38,12:00:00,2017-10-06,35
1171,211,12:00:00,2017-11-09,20
1172,929,18:00:00,2017-08-04,25
1173,715,15:00:00,2017-11-15,40
1174,74,09:00:00,2017-08-17,20
1175,101,12:00:00,2017-10-02,40
1176,637,15:00:00,2017-11-04,20
1177,781,12:00:00,2017-09-12,35
1178,973,18:00:00,2017-09-18,25
1179,283,18:00:00,2017-12-18,40
1180,976,12:00:00,2017-08-14,50
1181,260,15:00:00,2017-12-17,40
1182,635,09:00:00,2017-10-29,35
1183,185,12:00:00,2017-09-12,40
1184,531,15:00:00,2017-11-05,40
1185,926,15:00:00,2017-12-29,40
1186,475,12:00:00,2017-09-30,30
1187,58,09:00:00,2017-09-26,20
1188,707,12:00:00,2017-10-12,25
1189,892,15:00:00,2017-08-07,30
1190,541,21:00:00,2017-11-29,25
1191,850,21:00:00,2017-09-24,45
1192,585,15:00:00,2017-10-22,50
1193,120,09:00:00,2017-11-22,45
1194,154,09:00:00,2017-08-21,40
1195,697,18:00:00,2017-08-24,40
1196,129,12:00:00,2017-11-22,30
1197,235,15:00:00,2017-08-22,20
1198,7,18:00:00,2017-10-29,40
1199,53,21:00:00,2017-08-08,35
1200,142,15:00:00,2017-12-01,50
1201,593,09:00:00,2017-12-06,50
1202,421,18:00:00,2017-08-24,40
1203,746,18:00:00,2017-09-16,35
1204,298,15:00:00,2017-08-08,20
1205,704,12:00:00,2017-12-21,40
1206,537,12:00:00,2017-11-14,35
1207,457,12:00:00,2017-12-13,25
1208,602,09:00:00,2017-10-02,25
1209,949,21:00:00,2017-09-15,50
1210,493,09:00:00,2017-12-23,20
1211,763,21:00:00,2017-10-28,40
1212,330,18:00:00,2017-12-12,40
1213,327,15:00:00,2017-10-29,35
1214,914,18:00:00,2017-09-30,35
1215,894,18:00:00,2017-12-25,25
1216,164,15:00:00,2017-12-13,45
1217,340,09:00:00,2017-08-03,25
1218,332,21:00:00,2017-11-27,50
1219,929,21:00:00,2017-12-11,40
1220,999,09:00:00,2017-10-19,25
1221,790,21:00:00,2017-09-03,20
1222,177,21:00:00,2017-12-03,40
1223,480,15:00:00,2017-09-28,45
1224,507,09:00:00,2017-11-07,20
1225,310,15:00:00,2017-09-27,25
1226,571,18:00:00,2017-12-24,50
1227,934,21:00:00,2017-09-13,45
1228,226,21:00:00,2017-12-14,35
1229,963,18:00:00,2017-12-16,30
1230,326,12:00:00,2017-09-20,35
1231,512,18:00:00,2017-11-19,30
1232,25,09:00:00,2017-10-04,45
1233,466,09:00:00,2017-10-03,35
1234,761,21:00:00,2017-08-04,50
1235,701,21:00:00,2017-11-22,35
1236,929,09:00:00,2017-08-21,35
1237,492,09:00:00,2017-12-12,25
1238,989,12:00:00,2017-11-21,50
1239,495,12:00:00,2017-12-15,20
1240,685,09:00:00,2017-10-14,30
1241,348,21:00:00,2017-08-24,20
1242,307,21:00:00,2017-10-05,50
1243,949,15:00:00,2017-10-23,30
1244,336,09:00:00,2017-09-10,30
1245,364,21:00:00,2017-08-23,45
1246,853,21:00:00,2017-12-02,40
1247,704,15:00:00,2017-08-23,50
1248,405,09:00:00,2017-08-21,30
1249,543,09:00:00,2017-08-13,45
1250,404,15:00:00,2017-10-19,30
1251,555,18:00:00,2017-10-12,30
1252,567,09:00:00,2017-10-10,45
1253,953,12:00:00,2017-08-26,45
1254,430,15:00:00,2017-10-11,40
1255,292,18:00:00,2017-08-25,25
1256,113,12:00:00,2017-09-19,45
1257,520,21:00:00,2017-10-07,20
1258,372,18:00:00,2017-10-07,25
1259,291,21:00:00,2017-11-24,40
1260,973,09:00:00,2017-12-27,30
1261,799,09:00:00,2017-11-26,45
1262,917,09:00:00,2017-12-02,25
1263,278,15:00:00,2017-12-06,35
1264,755,12:00:00,2017-10-07,35
1265,215,18:00:00,2017-09-16,30
1266,424,15:00:00,2017-08-21,25
1267,348,09:00:00,2017-10-17,25
1268,996,21:00:00,2017-10-18,40
1269,114,21:00:00,2017-08-31,25
1270,572,09:00:00,2017-11-01,20
1271,235,18:00:00,2017-10-07,20
1272,216,18:00:00,2017-10-21,25
1273,537,09:00:00,2017-11-30,35
1274,305,21:00:00,2017-08-21,25
1275,308,21:00:00,2017-10-16,45
1276,386,18:00:00,2017-12-17,30
1277,689,18:00:00,2017-08-08,35
1278,452,09:00:00,2017-12-03,25
1279,729,15:00:00,2017-10-15,50
1280,443,12:00:00,2017-12-30,45
1281,61,09:00:00,2017-12-14,40
1282,821,12:00:00,2017-08-22,45
1283,141,12:00:00,2017-09-14,20
1284,555,21:00:00,2017-08-04,30
1285,669,15:00:00,2017-08-08,30
1286,955,15:00:00,2017-10-13,30
1287,741,12:00:00,2017-11-01,40
1288,687,18:00:00,2017-11-22,25
1289,592,15:00:00,2017-10-10,20
1290,755,12:00:00,2017-11-22,50
1291,881,12:00:00,2017-10-07,20
1292,367,15:00:00,2017-11-25,50
1293,1000,21:00:00,2017-12-05,35
1294,54,18:00:00,2017-11-05,35
1295,341,21:00:00,2017-09-25,20
1296,542,18:00:00,2017-10-27,25
1297,328,18:00:00,2017-09-25,45
1298,317,15:00:00,2017-12-07,25
1299,469,12:00:00,2017-10-13,45
1300,637,21:00:00,2017-10-25,35
1301,182,15:00:00,2017-08-27,40
1302,704,21:00:00,2017-09-08,45
1303,735,15:00:00,2017-08-07,35
1304,953,09:00:00,2017-12-06,25
1305,483,18:00:00,2017-12-14,40
1306,994,21:00:00,2017-09-22,35
1307,341,12:00:00,2017-12-04,40
1308,929,18:00:00,2017-11-24,35
1309,425,09:00:00,2017-11-20,20
1310,662,15:00:00,2017-09-02,30
1311,512,09:00:00,2017-09-24,35
1312,462,12:00:00,2017-09-01,30
1313,216,12:00:00,2017-12-06,50
1314,801,09:00:00,2017-12-13,40
1315,464,12:00:00,2017-11-16,50
1316,810,12:00:00,2017-11-14,25
1317,71,15:00:00,2017-08-15,20
1318,899,18:00:00,2017-08-13,25
1319,418,12:00:00,2017-12-27,50
1320,628,12:00:00,2017-10-16,45
1321,434,15:00:00,2017-09-29,45
1322,32,09:00:00,2017-08-15,20
1323,555,09:00:00,2017-10-03,40
1324,114,21:00:00,2017-10-21,50
1325,23,12:00:00,2017-11-30,35
1326,660,12:00:00,2017-09-04,20
1327,283,15:00:00,2017-09-04,35
1328,378,21:00:00,2017-10-29,35
1329,20,12:00:00,2017-10-05,45
1330,371,09:00:00,2017-11-26,40
1331,477,21:00:00,2017-09-27,20
1332,155,21:00:00,2017-08-11,20
1333,534,15:00:00,2017-09-20,30
1334,532,09:00:00,2017-08-02,25
1335,431,18:00:00,2017-10-27,20
1336,695,12:00:00,2017-08-01,25
1337,184,09:00:00,2017-12-17,45
1338,521,15:00:00,2017-09-09,40
1339,675,09:00:00,2017-10-07,40
1340,295,21:00:00,2017-08-03,35
1341,12,21:00:00,2017-11-01,20
1342,758,12:00:00,2017-11-17,45
1343,962,12:00:00,2017-09-13,25
1344,226,18:00:00,2017-11-13,30
1345,535,09:00:00,2017-10-27,50
1346,671,21:00:00,2017-11-29,40
1347,266,12:00:00,2017-10-29,50
1348,935,15:00:00,2017-10-13,35
1349,476,21:00:00,2017-09-15,45
1350,150,09:00:00,2017-09-23,20
1351,347,21:00:00,2017-09-04,30
1352,512,09:00:00,2017-09-27,25
1353,887,09:00:00,2017-09-28,25
1354,849,12:00:00,2017-12-10,25
1355,344,12:00:00,2017-08-17,30
1356,621,12:00:00,2017-10-22,45
1357,710,12:00:00,2017-12-25,30
1358,38,15:00:00,2017-11-18,30
1359,2,21:00:00,2017-11-07,30
1360,344,09:00:00,2017-08-19,20
1361,501,09:00:00,2017-08-14,50
1362,52,09:00:00,2017-12-14,45
1363,617,15:00:00,2017-08-10,25
1364,481,15:00:00,2017-10-31,20
1365,369,18:00:00,2017-10-19,20
1366,458,18:00:00,2017-12-11,50
1367,522,21:00:00,2017-10-20,35
1368,558,09:00:00,2017-08-30,25
1369,796,15:00:00,2017-09-19,45
1370,264,18:00:00,2017-08-31,45
1371,749,09:00:00,2017-09-24,30
1372,218,15:00:00,2017-10-25,45
1373,896,12:00:00,2017-12-23,35
1374,193,18:00:00,2017-08-20,35
1375,332,18:00:00,2017-12-29,35
1376,343,15:00:00,2017-08-02,30
1377,385,18:00:00,2017-12-08,30
1378,261,15:00:00,2017-12-23,40
1379,454,12:00:00,2017-10-26,40
1380,868,18:00:00,2017-08-16,35
1381,762,21:00:00,2017-12-10,20
1382,254,21:00:00,2017-12-09,35
1383,917,15:00:00,2017-09-27,25
1384,523,09:00:00,2017-12-21,30
1385,932,12:00:00,2017-09-01,20
1386,140,18:00:00,2017-10-30,45
1387,607,09:00:00,2017-12-03,30
1388,289,15:00:00,2017-09-13,30
1389,952,15:00:00,2017-10-12,35
1390,100,15:00:00,2017-08-29,20
1391,262,12:00:00,2017-10-05,25
1392,46,12:00:00,2017-08-17,20
1393,283,18:00:00,2017-08-14,45
1394,195,12:00:00,2017-08-29,45
1395,340,15:00:00,2017-12-15,50
1396,555,15:00:00,2017-08-22,35
1397,330,15:00:00,2017-09-22,25
1398,622,18:00:00,2017-12-02,20
1399,711,15:00:00,2017-12-14,20
1400,384,15:00:00,2017-10-11,25
1401,61,21:00:00,2017-11-24,25
1402,419,09:00:00,2017-09-06,30
1403,720,15:00:00,2017-12-22,45
1404,492,12:00:00,2017-08-16,30
1405,660,18:00:00,2017-09-04,30
1406,396,21:00:00,2017-10-27,40
1407,785,12:00:00,2017-10-06,30
1408,193,09:00:00,2017-12-11,30
1409,519,21:00:00,2017-10-24,25
1410,805,21:00:00,2017-10-07,35
1411,541,18:00:00,2017-08-13,25
1412,112,15:00:00,2017-12-03,35
1413,175,21:00:00,2017-10-13,50
1414,15,15:00:00,2017-10-18,30
1415,628,12:00:00,2017-12-22,50
1416,125,21:00:00,2017-09-11,20
1417,74,18:00:00,2017-08-03,30
1418,418,21:00:00,2017-12-06,45
1419,957,18:00:00,2017-09-18,30
1420,401,12:00:00,2017-12-12,50
1421,522,18:00:00,2017-10-19,30
1422,159,12:00:00,2017-09-02,25
1423,281,09:00:00,2017-12-21,20
1424,549,21:00:00,2017-11-01,30
1425,756,09:00:00,2017-10-11,35
1426,868,21:00:00,2017-08-30,30
1427,135,18:00:00,2017-10-23,45
1428,285,09:00:00,2017-10-04,20
1429,900,09:00:00,2017-08-04,20
1430,440,18:00:00,2017-10-07,45
1431,369,15:00:00,2017-10-21,50
1432,752,12:00:00,2017-10-19,25
1433,441,12:00:00,2017-08-28,45
1434,924,15:00:00,2017-08-31,20
1435,950,09:00:00,2017-09-21,20
1436,617,21:00:00,2017-10-12,50
1437,481,18:00:00,2017-12-21,30
1438,767,21:00:00,2017-10-22,50
1439,475,18:00:00,2017-10-28,50
1440,916,15:00:00,2017-11-07,35
1441,501,21:00:00,2017-09-15,30
1442,831,18:00:00,2017-12-29,20
1443,881,09:00:00,2017-11-25,45
1444,968,18:00:00,2017-11-22,20
1445,829,09:00:00,2017-11-29,35
1446,685,18:00:00,2017-11-17,40
1447,596,18:00:00,2017-11-27,40
1448,314,09:00:00,2017-08-19,40
1449,894,09:00:00,2017-08-23,50
1450,936,21:00:00,2017-10-20,35
1451,948,09:00:00,2017-10-03,20
1452,545,15:00:00,2017-09-02,50
1453,463,09:00:00,2017-09-10,45
1454,827,15:00:00,2017-09-26,40
1455,457,09:00:00,2017-12-28,50
1456,348,12:00:00,2017-09-22,40
1457,273,21:00:00,2017-12-12,35
1458,340,12:00:00,2017-08-25,50
1459,12,12:00:00,2017-08-03,25
1460,509,12:00:00,2017-11-17,40
1461,191,21:00:00,2017-08-18,30
1462,231,21:00:00,2017-10-05,30
1463,597,12:00:00,2017-12-17,45
1464,452,18:00:00,2017-09-29,45
1465,87,09:00:00,2017-10-15,40
1466,861,21:00:00,2017-12-12,25
1467,38,15:00:00,2017-11-23,50
1468,903,09:00:00,2017-09-25,20
1469,128,15:00:00,2017-08-06,35
1470,703,21:00:00,2017-11-11,40
1471,657,09:00:00,2017-12-03,50
1472,858,18:00:00,2017-11-07,35
1473,861,21:00:00,2017-11-06,30
1474,793,15:00:00,2017-10-27,45
1475,283,15:00:00,2017-08-21,30
1476,12,12:00:00,2017-11-23,30
1477,261,18:00:00,2017-08-26,35
1478,964,18:00:00,2017-09-22,40
1479,261,12:00:00,2017-09-04,20
1480,574,12:00:00,2017-10-26,25
1481,771,09:00:00,2017-10-16,50
1482,999,18:00:00,2017-12-18,35
1483,928,09:00:00,2017-09-07,45
1484,799,21:00:00,2017-11-28,45
1485,986,21:00:00,2017-10-26,20
1486,457,12:00:00,2017-11-18,20
1487,939,15:00:00,2017-10-25,35
1488,658,15:00:00,2017-08-05,25
1489,247,12:00:00,2017-09-03,30
1490,25,18:00:00,2017-10-23,50
1491,661,09:00:00,2017-12-02,40
1492,588,09:00:00,2017-09-02,20
1493,22,21:00:00,2017-12-10,45
1494,457,18:00:00,2017-08-18,20
1495,144,09:00:00,2017-11-23,20
1496,509,15:00:00,2017-08-30,25
1497,858,12:00:00,2017-12-11,25
1498,226,21:00:00,2017-11-11,35
1499,732,15:00:00,2017-10-09,40
1500,369,12:00:00,2017-12-25,30
1501,844,12:00:00,2017-08-28,50
1502,701,21:00:00,2017-10-18,25
1503,38,18:00:00,2017-11-08,40
1504,684,18:00:00,2017-11-01,20
1505,320,12:00:00,2017-09-22,30
1506,547,12:00:00,2017-11-28,20
1507,72,12:00:00,2017-12-27,20
1508,197,09:00:00,2017-12-26,25
1509,651,09:00:00,2017-10-25,35
1510,183,12:00:00,2017-12-16,45
1511,287,12:00:00,2017-08-22,35
1512,782,21:00:00,2017-12-25,45
1513,314,15:00:00,2017-10-31,20
1514,883,12:00:00,2017-10-22,20
1515,920,09:00:00,2017-11-14,25
1516,597,09:00:00,2017-08-24,40
1517,124,09:00:00,2017-11-27,35
1518,38,18:00:00,2017-09-05,30
1519,773,18:00:00,2017-11-04,35
1520,183,21:00:00,2017-11-28,30
1521,249,21:00:00,2017-10-13,25
1522,592,18:00:00,2017-10-09,35
1523,200,18:00:00,2017-09-27,45
1524,151,21:00:00,2017-08-28,50
1525,521,15:00:00,2017-12-02,20
1526,472,18:00:00,2017-10-18,25
1527,203,09:00:00,2017-09-25,30
1528,999,18:00:00,2017-12-19,25
1529,80,12:00:00,2017-10-07,20
1530,860,12:00:00,2017-08-12,20
1531,443,18:00:00,2017-09-30,40
1532,782,12:00:00,2017-12-13,25
1533,220,12:00:00,2017-10-13,40
1534,74,18:00:00,2017-10-31,40
1535,327,15:00:00,2017-10-10,20
1536,206,18:00:00,2017-08-31,20
1537,651,12:00:00,2017-08-25,50
1538,442,09:00:00,2017-12-26,25
1539,324,21:00:00,2017-08-18,40
1540,485,12:00:00,2017-09-24,35
1541,784,21:00:00,2017-11-11,25
1542,210,18:00:00,2017-10-27,50
1543,791,12:00:00,2017-09-10,45
1544,221,12:00:00,2017-10-01,20
1545,894,21:00:00,2017-09-04,25
1546,330,21:00:00,2017-09-03,25
1547,658,12:00:00,2017-09-06,50
1548,589,12:00:00,2017-10-01,50
1549,338,09:00:00,2017-12-29,25
1550,989,15:00:00,2017-10-06,25
1551,594,21:00:00,2017-08-23,45
1552,923,15:00:00,2017-12-15,45
1553,559,12:00:00,2017-09-16,35
1554,458,18:00:00,2017-10-27,35
1555,619,15:00:00,2017-09-23,50
1556,540,12:00:00,2017-09-17,45
1557,477,21:00:00,2017-12-22,35
1558,283,15:00:00,2017-11-01,20
1559,746,18:00:00,2017-09-04,45
1560,984,12:00:00,2017-08-21,50
1561,675,12:00:00,2017-12-29,25
1562,264,09:00:00,2017-11-06,35
1563,207,21:00:00,2017-08-31,45
1564,2,18:00:00,2017-12-03,50
1565,745,15:00:00,2017-10-25,25
1566,643,18:00:00,2017-11-07,20
1567,670,09:00:00,2017-12-14,45
1568,151,18:00:00,2017-12-16,35
1569,155,09:00:00,2017-09-08,50
1570,570,21:00:00,2017-09-01,45
1571,964,09:00:00,2017-12-29,35
1572,514,18:00:00,2017-11-02,50
1573,211,15:00:00,2017-11-15,20
1574,549,18:00:00,2017-10-26,20
1575,406,09:00:00,2017-09-21,50
1576,14,09:00:00,2017-08-29,20
1577,866,21:00:00,2017-10-01,45
1578,629,09:00:00,2017-11-06,30
1579,999,12:00:00,2017-09-22,30
1580,301,15:00:00,2017-08-28,40
1581,296,18:00:00,2017-12-12,45
1582,963,18:00:00,2017-08-27,35
1583,996,21:00:00,2017-12-02,30
1584,246,09:00:00,2017-11-20,40
1585,472,12:00:00,2017-10-31,30
1586,838,15:00:00,2017-10-30,20
1587,514,12:00:00,2017-10-02,30
1588,929,18:00:00,2017-10-06,30
1589,598,18:00:00,2017-09-27,30
1590,402,21:00:00,2017-09-18,50
1591,928,21:00:00,2017-09-15,30
1592,205,09:00:00,2017-12-17,20
1593,286,09:00:00,2017-12-19,45
1594,286,21:00:00,2017-12-29,40
1595,226,15:00:00,2017-08-13,35
1596,492,18:00:00,2017-11-26,20
1597,639,18:00:00,2017-08-20,45
1598,548,09:00:00,2017-08-14,20
1599,782,09:00:00,2017-10-22,40
1600,440,18:00:00,2017-11-21,35
1601,534,09:00:00,2017-11-16,20
1602,875,09:00:00,2017-09-10,40
1603,302,09:00:00,2017-09-29,25
1604,364,15:00:00,2017-08-27,45
1605,308,12:00:00,2017-12-16,50
1606,455,18:00:00,2017-10-01,45
1607,761,21:00:00,2017-08-11,25
1608,601,09:00:00,2017-11-09,50
1609,446,15:00:00,2017-10-08,45
1610,781,21:00:00,2017-09-29,40
1611,563,12:00:00,2017-12-24,35
1612,289,09:00:00,2017-08-11,50
1613,350,12:00:00,2017-10-01,35
1614,231,15:00:00,2017-10-23,40
1615,821,21:00:00,2017-11-04,20
1616,307,18:00:00,2017-11-27,30
1617,175,21:00:00,2017-12-18,50
1618,857,09:00:00,2017-11-05,30
1619,369,21:00:00,2017-12-27,30
1620,63,15:00:00,2017-09-27,20
1621,524,21:00:00,2017-09-26,50
1622,644,15:00:00,2017-09-22,25
1623,417,09:00:00,2017-11-09,25
1624,829,12:00:00,2017-12-04,50
1625,972,12:00:00,2017-10-14,20
1626,478,12:00:00,2017-10-31,25
1627,302,21:00:00,2017-11-22,20
1628,783,18:00:00,2017-12-08,40
1629,98,21:00:00,2017-12-26,40
1630,216,15:00:00,2017-09-21,45
1631,368,21:00:00,2017-11-03,25
1632,952,18:00:00,2017-12-29,20
1633,711,09:00:00,2017-08-18,20
1634,855,18:00:00,2017-08-19,45
1635,547,12:00:00,2017-10-06,25
1636,141,21:00:00,2017-08-09,25
1637,578,12:00:00,2017-11-27,50
1638,641,12:00:00,2017-10-08,20
1639,455,18:00:00,2017-08-14,25
1640,148,15:00:00,2017-11-03,50
1641,35,09:00:00,2017-08-25,30
1642,238,09:00:00,2017-09-11,35
1643,861,12:00:00,2017-09-15,50
1644,405,18:00:00,2017-10-21,30
1645,622,09:00:00,2017-08-30,30
1646,7,12:00:00,2017-09-09,30
1647,371,09:00:00,2017-11-14,30
1648,71,09:00:00,2017-08-25,30
1649,205,12:00:00,2017-08-14,35
1650,196,12:00:00,2017-10-16,45
1651,760,21:00:00,2017-12-24,25
1652,561,21:00:00,2017-12-03,25
1653,875,12:00:00,2017-11-09,45
1654,44,09:00:00,2017-10-10,20
1655,54,18:00:00,2017-09-21,30
1656,520,15:00:00,2017-09-29,40
1657,490,18:00:00,2017-08-15,50
1658,735,21:00:00,2017-10-30,35
1659,245,09:00:00,2017-12-29,25
1660,193,15:00:00,2017-10-02,25
1661,87,12:00:00,2017-11-11,45
1662,778,15:00:00,2017-11-19,50
1663,895,21:00:00,2017-12-09,20
1664,159,21:00:00,2017-11-12,20
1665,685,21:00:00,2017-08-18,30
1666,517,12:00:00,2017-09-29,30
1667,26,18:00:00,2017-11-05,35
1668,596,09:00:00,2017-10-21,30
1669,923,18:00:00,2017-11-04,30
1670,558,09:00:00,2017-12-22,35
1671,430,12:00:00,2017-11-14,40
1672,985,12:00:00,2017-11-09,40
1673,170,12:00:00,2017-09-12,20
1674,850,09:00:00,2017-12-19,30
1675,943,12:00:00,2017-09-25,35
1676,645,18:00:00,2017-08-29,45
1677,694,18:00:00,2017-08-27,20
1678,611,15:00:00,2017-10-15,20
1679,24,21:00:00,2017-10-11,20
1680,60,12:00:00,2017-12-30,30
1681,418,15:00:00,2017-09-08,45
1682,996,15:00:00,2017-10-24,25
1683,652,15:00:00,2017-11-05,45
1684,20,12:00:00,2017-12-15,25
1685,298,15:00:00,2017-12-31,35
1686,547,15:00:00,2017-08-06,25
1687,401,15:00:00,2017-09-10,25
1688,689,09:00:00,2017-12-17,30
1689,261,21:00:00,2017-11-28,45
1690,905,12:00:00,2017-12-07,40
1691,590,21:00:00,2017-09-27,35
1692,597,21:00:00,2017-10-05,30
1693,528,09:00:00,2017-12-12,20
1694,8,09:00:00,2017-08-12,30
1695,745,12:00:00,2017-10-07,50
1696,520,21:00:00,2017-12-14,20
1697,389,12:00:00,2017-11-29,40
1698,165,21:00:00,2017-09-25,30
1699,493,15:00:00,2017-08-08,35
1700,483,12:00:00,2017-11-27,30
1701,20,09:00:00,2017-10-05,20
1702,221,15:00:00,2017-11-03,45
1703,837,21:00:00,2017-12-13,25
1704,959,09:00:00,2017-11-10,35
1705,741,15:00:00,2017-10-01,20
1706,7,09:00:00,2017-09-20,35
1707,26,15:00:00,2017-12-22,40
1708,522,21:00:00,2017-08-06,30
1709,278,15:00:00,2017-09-22,20
1710,427,21:00:00,2017-08-24,35
1711,146,18:00:00,2017-09-29,20
1712,502,15:00:00,2017-09-08,30
1713,289,09:00:00,2017-09-01,40
1714,538,12:00:00,2017-09-23,20
1715,662,21:00:00,2017-09-03,30
1716,85,12:00:00,2017-11-03,35
1717,278,12:00:00,2017-11-03,45
1718,602,15:00:00,2017-09-01,45
1719,593,12:00:00,2017-11-22,45
1720,67,12:00:00,2017-10-20,20
1721,266,21:00:00,2017-09-01,45
1722,527,12:00:00,2017-10-27,50
1723,793,09:00:00,2017-09-23,30
1724,241,12:00:00,2017-12-28,35
1725,891,21:00:00,2017-10-13,45
1726,88,12:00:00,2017-12-20,35
1727,332,12:00:00,2017-10-12,40
1728,751,09:00:00,2017-10-26,35
1729,477,12:00:00,2017-12-31,45
1730,683,09:00:00,2017-11-11,30
1731,51,15:00:00,2017-10-19,40
1732,78,21:00:00,2017-10-30,35
1733,574,15:00:00,2017-10-04,25
1734,969,09:00:00,2017-09-25,35
1735,88,21:00:00,2017-10-02,20
1736,858,09:00:00,2017-10-23,40
1737,727,12:00:00,2017-12-24,50
1738,211,12:00:00,2017-12-17,35
1739,920,12:00:00,2017-10-23,45
1740,168,18:00:00,2017-09-12,45
1741,216,15:00:00,2017-09-09,35
1742,35,18:00:00,2017-11-16,20
1743,639,12:00:00,2017-10-05,25
1744,314,12:00:00,2017-09-26,50
1745,837,09:00:00,2017-12-26,40
1746,585,12:00:00,2017-08-22,50
1747,563,21:00:00,2017-12-11,50
1748,195,12:00:00,2017-10-01,45
1749,164,18:00:00,2017-09-14,40
1750,426,18:00:00,2017-11-03,45
1751,893,18:00:00,2017-08-21,40
1752,877,09:00:00,2017-12-14,40
1753,706,15:00:00,2017-09-12,35
1754,753,18:00:00,2017-12-07,40
1755,639,09:00:00,2017-12-21,20
1756,191,21:00:00,2017-08-21,50
1757,778,21:00:00,2017-08-29,40
1758,707,09:00:00,2017-08-25,20
1759,676,18:00:00,2017-12-23,40
1760,234,21:00:00,2017-11-11,35
1761,602,21:00:00,2017-09-13,40
1762,182,12:00:00,2017-08-23,30
1763,35,12:00:00,2017-08-17,45
1764,846,18:00:00,2017-11-11,30
1765,453,09:00:00,2017-11-11,20
1766,917,09:00:00,2017-11-13,45
1767,1,15:00:00,2017-08-18,45
1768,89,15:00:00,2017-12-08,45
1769,902,09:00:00,2017-09-02,50
1770,273,09:00:00,2017-12-09,45
1771,512,18:00:00,2017-08-01,35
1772,241,18:00:00,2017-08-21,25
1773,797,15:00:00,2017-12-29,35
1774,69,09:00:00,2017-09-17,45
1775,332,12:00:00,2017-10-12,35
1776,622,12:00:00,2017-11-08,20
1777,380,18:00:00,2017-10-09,25
1778,253,15:00:00,2017-08-29,45
1779,476,18:00:00,2017-10-13,35
1780,690,09:00:00,2017-09-13,40
1781,787,15:00:00,2017-08-13,50
1782,527,09:00:00,2017-11-17,45
1783,188,15:00:00,2017-11-23,45
1784,491,21:00:00,2017-08-14,45
1785,592,12:00:00,2017-11-09,25
1786,41,09:00:00,2017-10-20,20
1787,902,12:00:00,2017-09-21,35
1788,23,18:00:00,2017-08-19,50
1789,362,09:00:00,2017-10-30,45
1790,525,12:00:00,2017-11-04,40
1791,670,18:00:00,2017-08-18,20
1792,286,12:00:00,2017-10-03,45
1793,860,12:00:00,2017-09-23,45
1794,742,18:00:00,2017-10-15,40
1795,375,09:00:00,2017-11-12,40
1796,753,12:00:00,2017-11-20,30
1797,615,15:00:00,2017-08-05,45
1798,617,21:00:00,2017-08-23,50
1799,522,15:00:00,2017-09-18,20
1800,517,12:00:00,2017-10-22,25
1801,308,21:00:00,2017-10-04,30
1802,261,09:00:00,2017-09-15,30
1803,808,21:00:00,2017-08-06,30
1804,963,09:00:00,2017-10-30,45
1805,183,15:00:00,2017-08-12,20
1806,827,12:00:00,2017-12-08,45
1807,354,15:00:00,2017-08-24,25
1808,513,21:00:00,2017-09-19,25
1809,937,15:00:00,2017-12-05,50
1810,493,18:00:00,2017-10-05,40
1811,18,12:00:00,2017-08-11,25
1812,748,21:00:00,2017-10-10,40
1813,283,18:00:00,2017-09-28,25
1814,851,18:00:00,2017-11-07,50
1815,266,09:00:00,2017-08-12,30
1816,267,12:00:00,2017-08-04,30
1817,912,15:00:00,2017-11-15,20
1818,596,15:00:00,2017-11-29,20
1819,368,09:00:00,2017-09-01,35
1820,903,21:00:00,2017-08-01,35
1821,108,21:00:00,2017-11-24,40
1822,326,15:00:00,2017-09-05,50
1823,157,18:00:00,2017-10-13,35
1824,831,18:00:00,2017-09-24,25
1825,543,21:00:00,2017-11-20,45
1826,785,21:00:00,2017-08-25,35
1827,711,09:00:00,2017-08-07,20
1828,315,18:00:00,2017-08-15,20
1829,249,21:00:00,2017-11-19,20
1830,543,18:00:00,2017-11-23,35
1831,238,12:00:00,2017-11-28,30
1832,813,12:00:00,2017-09-18,50
1833,315,12:00:00,2017-11-15,50
1834,976,18:00:00,2017-08-29,40
1835,146,09:00:00,2017-08-06,50
1836,25,09:00:00,2017-09-02,20
1837,433,15:00:00,2017-12-27,25
1838,926,21:00:00,2017-09-13,40
1839,599,12:00:00,2017-11-04,20
1840,125,21:00:00,2017-12-25,25
1841,493,15:00:00,2017-09-10,35
1842,943,21:00:00,2017-08-13,45
1843,827,18:00:00,2017-09-26,40
1844,26,21:00:00,2017-09-16,40
1845,900,21:00:00,2017-09-29,20
1846,215,09:00:00,2017-10-07,20
1847,94,18:00:00,2017-10-26,30
1848,74,15:00:00,2017-08-29,20
1849,414,15:00:00,2017-09-23,40
1850,2,12:00:00,2017-11-21,30
1851,333,12:00:00,2017-09-15,20
1852,64,12:00:00,2017-08-26,40
1853,280,12:00:00,2017-12-05,45
1854,112,18:00:00,2017-08-08,30
1855,81,15:00:00,2017-11-27,30
1856,498,18:00:00,2017-10-27,40
1857,548,18:00:00,2017-12-29,30
1858,832,15:00:00,2017-08-26,50
1859,727,15:00:00,2017-09-29,50
1860,64,12:00:00,2017-08-08,40
1861,266,09:00:00,2017-11-19,40
1862,779,12:00:00,2017-09-25,30
1863,907,21:00:00,2017-09-24,20
1864,171,12:00:00,2017-10-30,45
1865,857,12:00:00,2017-09-26,50
1866,684,15:00:00,2017-12-05,45
1867,728,18:00:00,2017-09-11,35
1868,14,15:00:00,2017-11-19,20
1869,371,15:00:00,2017-08-11,50
1870,583,18:00:00,2017-11-05,45
1871,167,09:00:00,2017-11-15,25
1872,356,12:00:00,2017-12-19,40
1873,109,09:00:00,2017-08-26,45
1874,899,09:00:00,2017-11-03,30
1875,782,15:00:00,2017-10-04,45
1876,599,15:00:00,2017-10-17,50
1877,496,21:00:00,2017-11-22,35
1878,519,21:00:00,2017-12-31,20
1879,397,18:00:00,2017-10-23,45
1880,635,09:00:00,2017-09-20,30
1881,702,21:00:00,2017-10-08,35
1882,588,21:00:00,2017-09-19,30
1883,2,18:00:00,2017-08-01,40
1884,877,12:00:00,2017-10-18,30
1885,637,18:00:00,2017-08-14,35
1886,813,12:00:00,2017-12-23,40
1887,980,12:00:00,2017-09-09,50
1888,388,09:00:00,2017-11-07,35
1889,617,18:00:00,2017-11-19,50
1890,97,12:00:00,2017-12-01,50
1891,371,12:00:00,2017-11-15,45
1892,903,09:00:00,2017-11-08,35
1893,18,18:00:00,2017-09-08,35
1894,354,09:00:00,2017-10-15,30
1895,397,15:00:00,2017-11-18,50
1896,191,09:00:00,2017-12-07,50
1897,264,18:00:00,2017-08-13,45
1898,213,21:00:00,2017-09-03,25
1899,216,18:00:00,2017-08-02,45
1900,10,21:00:00,2017-10-25,50
1901,765,21:00:00,2017-08-02,45
1902,226,12:00:00,2017-12-24,20
1903,386,18:00:00,2017-08-23,50
1904,177,18:00:00,2017-12-15,20
1905,452,09:00:00,2017-09-25,25
1906,463,12:00:00,2017-09-08,45
1907,883,21:00:00,2017-10-16,20
1908,893,21:00:00,2017-11-03,30
1909,99,18:00:00,2017-08-04,20
1910,261,12:00:00,2017-09-05,25
1911,74,12:00:00,2017-09-01,35
1912,752,12:00:00,2017-11-29,30
1913,755,18:00:00,2017-12-01,50
1914,889,21:00:00,2017-10-07,20
1915,322,12:00:00,2017-12-29,20
1916,481,15:00:00,2017-12-02,50
1917,332,15:00:00,2017-12-08,25
1918,1,09:00:00,2017-12-07,40
1919,711,12:00:00,2017-10-04,35
1920,659,12:00:00,2017-08-22,25
1921,604,15:00:00,2017-08-16,25
1922,111,21:00:00,2017-08-18,50
1923,22,15:00:00,2017-11-11,30
1924,587,09:00:00,2017-10-29,25
1925,219,21:00:00,2017-11-14,30
1926,754,18:00:00,2017-09-25,45
1927,763,21:00:00,2017-11-26,20
1928,388,18:00:00,2017-08-18,25
1929,474,18:00:00,2017-12-18,20
1930,713,12:00:00,2017-08-07,45
1931,986,12:00:00,2017-10-22,50
1932,149,15:00:00,2017-09-15,40
1933,983,12:00:00,2017-12-14,45
1934,151,09:00:00,2017-09-22,40
1935,933,09:00:00,2017-10-21,45
1936,280,15:00:00,2017-08-26,25
1937,476,15:00:00,2017-11-14,20
1938,668,21:00:00,2017-10-03,35
1939,549,12:00:00,2017-08-31,20
1940,210,21:00:00,2017-09-09,45
1941,74,09:00:00,2017-10-11,30
1942,702,15:00:00,2017-12-21,25
1943,993,18:00:00,2017-12-04,35
1944,388,12:00:00,2017-09-11,20
1945,160,18:00:00,2017-10-01,25
1946,60,15:00:00,2017-12-17,25
1947,523,12:00:00,2017-11-20,35
1948,339,09:00:00,2017-08-21,30
1949,362,09:00:00,2017-08-08,20
1950,570,21:00:00,2017-09-04,35
1951,929,09:00:00,2017-08-30,30
1952,765,09:00:00,2017-09-17,35
1953,218,21:00:00,2017-11-29,20
1954,131,09:00:00,2017-10-11,45
1955,725,09:00:00,2017-08-30,35
1956,292,21:00:00,2017-08-31,40
1957,634,09:00:00,2017-09-04,20
1958,440,18:00:00,2017-10-22,40
1959,602,21:00:00,2017-09-11,25
1960,83,12:00:00,2017-08-10,50
1961,318,15:00:00,2017-09-04,35
1962,952,15:00:00,2017-12-12,30
1963,297,15:00:00,2017-11-12,40
1964,765,09:00:00,2017-10-14,25
1965,849,21:00:00,2017-08-02,50
1966,923,09:00:00,2017-09-09,40
1967,684,09:00:00,2017-10-02,30
1968,60,21:00:00,2017-12-11,45
1969,453,12:00:00,2017-09-23,45
1970,81,12:00:00,2017-12-12,40
1971,547,15:00:00,2017-08-06,25
1972,317,09:00:00,2017-09-15,30
1973,324,15:00:00,2017-10-21,50
1974,808,21:00:00,2017-10-28,35
1975,602,18:00:00,2017-12-30,20
1976,326,15:00:00,2017-11-13,25
1977,175,21:00:00,2017-11-30,45
1978,438,15:00:00,2017-12-05,30
1979,477,18:00:00,2017-10-14,45
1980,91,21:00:00,2017-12-15,35
1981,975,15:00:00,2017-09-12,25
1982,637,09:00:00,2017-10-12,45
1983,634,18:00:00,2017-08-22,35
1984,658,15:00:00,2017-10-25,25
1985,175,21:00:00,2017-09-29,45
1986,169,18:00:00,2017-12-05,50
1987,991,21:00:00,2017-09-08,20
1988,670,18:00:00,2017-10-12,30
1989,628,12:00:00,2017-11-02,20
1990,286,15:00:00,2017-12-25,40
1991,512,18:00:00,2017-08-26,45
1992,799,15:00:00,2017-11-05,50
1993,547,12:00:00,2017-08-23,25
1994,406,21:00:00,2017-11-04,50
1995,702,18:00:00,2017-10-27,45
1996,49,15:00:00,2017-10-24,20
1997,426,09:00:00,2017-09-30,25
1998,476,15:00:00,2017-11-15,35
1999,553,15:00:00,2017-12-04,30
2000,245,21:00:00,2017-12-05,45
