r_id,show_id,hall_id,r_date,r_time
1,263,319,2016-09-15,05:24:00
2,341,244,2016-11-05,08:08:00
3,148,8,2016-12-24,06:57:00
4,364,492,2016-11-07,05:19:00
5,268,252,2016-08-04,19:00:00
6,157,31,2016-09-09,00:42:00
7,150,87,2016-12-01,04:30:00
8,129,147,2016-12-29,22:23:00
9,381,205,2016-12-11,09:51:00
10,199,356,2016-10-10,18:20:00
11,175,4,2016-08-24,23:36:00
12,409,493,2016-10-02,08:20:00
13,106,356,2016-09-16,12:31:00
14,343,294,2016-09-28,10:04:00
15,251,176,2016-08-29,21:31:00
16,209,214,2016-09-23,01:47:00
17,234,261,2016-08-17,18:04:00
18,270,276,2016-08-05,12:50:00
19,27,49,2016-09-14,00:00:00
20,416,320,2016-11-01,16:39:00
21,474,423,2016-09-24,10:20:00
22,247,306,2016-09-21,10:49:00
23,408,303,2016-08-05,11:48:00
24,201,225,2016-12-11,19:06:00
25,388,217,2016-08-14,06:08:00
26,6,161,2016-08-01,04:12:00
27,246,50,2016-10-24,11:14:00
28,409,479,2016-12-30,23:30:00
29,343,40,2016-12-16,23:59:00
30,261,143,2016-12-21,07:34:00
31,164,55,2016-10-08,14:05:00
32,302,155,2016-10-04,08:37:00
33,455,221,2016-09-12,19:50:00
34,80,181,2016-09-25,19:50:00
35,47,485,2016-08-22,21:59:00
36,228,12,2016-12-28,15:24:00
37,258,164,2016-11-07,05:26:00
38,23,17,2016-12-26,07:18:00
39,93,16,2016-11-15,17:18:00
40,133,102,2016-08-21,21:57:00
41,367,483,2016-10-17,17:40:00
42,355,71,2016-10-25,05:10:00
43,140,273,2016-11-26,11:27:00
44,61,425,2016-08-06,06:27:00
45,439,212,2016-10-30,15:06:00
46,394,439,2016-08-13,00:14:00
47,389,466,2016-10-22,02:42:00
48,308,429,2016-09-22,20:03:00
49,228,134,2016-11-04,05:54:00
50,493,296,2016-09-26,19:02:00
51,257,282,2016-09-21,18:08:00
52,396,17,2016-11-18,15:55:00
53,243,101,2016-08-27,06:19:00
54,110,94,2016-09-28,07:31:00
55,402,345,2016-12-01,16:51:00
56,437,166,2016-12-03,09:56:00
57,234,157,2016-10-24,04:34:00
58,45,319,2016-08-14,23:56:00
59,282,27,2016-10-28,22:19:00
60,25,417,2016-12-04,11:28:00
61,290,122,2016-09-25,04:29:00
62,418,23,2016-09-03,17:20:00
63,139,466,2016-09-14,07:10:00
64,438,15,2016-11-27,03:19:00
65,290,118,2016-08-08,05:15:00
66,470,33,2016-10-08,17:52:00
67,66,450,2016-10-20,19:57:00
68,52,414,2016-09-13,13:15:00
69,168,176,2016-08-01,19:12:00
70,170,174,2016-11-03,00:06:00
71,443,306,2016-12-26,03:38:00
72,328,277,2016-11-10,16:32:00
73,217,191,2016-10-21,08:35:00
74,56,465,2016-12-01,07:57:00
75,157,416,2016-10-25,03:57:00
76,294,414,2016-12-31,12:05:00
77,388,419,2016-12-05,10:50:00
78,500,229,2016-10-21,21:14:00
79,189,323,2016-08-03,17:40:00
80,224,1,2016-08-26,19:05:00
81,346,437,2016-08-04,17:25:00
82,421,271,2016-09-25,18:34:00
83,221,488,2016-09-17,10:54:00
84,215,73,2016-09-07,14:43:00
85,180,145,2016-11-02,20:08:00
86,238,430,2016-11-19,23:48:00
87,44,274,2016-11-03,16:29:00
88,332,310,2016-08-01,15:56:00
89,24,39,2016-08-11,23:21:00
90,200,448,2016-08-28,19:06:00
91,427,336,2016-09-28,06:57:00
92,42,476,2016-11-15,07:55:00
93,74,246,2016-09-23,12:57:00
94,220,259,2016-11-10,00:26:00
95,245,144,2016-09-27,19:45:00
96,205,181,2016-08-08,04:44:00
97,39,400,2016-11-02,03:32:00
98,338,247,2016-10-22,12:57:00
99,468,444,2016-08-25,07:07:00
100,182,327,2016-08-06,13:56:00
101,339,342,2016-12-17,10:28:00
102,483,52,2016-08-19,05:32:00
103,101,178,2016-12-15,10:08:00
104,344,495,2016-11-11,16:36:00
105,469,46,2016-11-04,00:31:00
106,438,4,2016-11-19,01:44:00
107,80,395,2016-08-07,05:47:00
108,147,335,2016-08-03,00:54:00
109,428,383,2016-12-15,22:05:00
110,241,476,2016-08-21,21:52:00
111,116,388,2016-12-19,07:01:00
112,9,386,2016-12-12,11:26:00
113,426,77,2016-10-12,07:38:00
114,378,93,2016-10-27,13:39:00
115,210,167,2016-08-25,17:59:00
116,394,264,2016-09-11,02:02:00
117,221,34,2016-10-29,08:06:00
118,131,193,2016-08-11,09:59:00
119,417,263,2016-09-07,10:44:00
120,354,285,2016-12-04,10:55:00
121,401,70,2016-12-08,10:37:00
122,421,239,2016-09-20,11:01:00
123,74,336,2016-09-19,17:45:00
124,340,464,2016-09-10,13:55:00
125,369,152,2016-11-08,04:07:00
126,492,461,2016-09-08,11:36:00
127,493,465,2016-11-11,15:34:00
128,310,195,2016-11-22,03:16:00
129,56,477,2016-09-04,11:03:00
130,23,426,2016-11-10,02:51:00
131,226,124,2016-10-19,08:40:00
132,105,13,2016-10-30,21:33:00
133,125,498,2016-09-30,12:11:00
134,360,353,2016-11-28,20:12:00
135,194,280,2016-11-17,21:04:00
136,184,4,2016-08-17,23:12:00
137,392,476,2016-10-08,07:58:00
138,452,99,2016-10-10,11:50:00
139,499,199,2016-11-30,03:46:00
140,441,146,2016-10-18,20:43:00
141,183,57,2016-10-02,09:14:00
142,150,6,2016-10-23,14:53:00
143,26,480,2016-12-21,00:07:00
144,260,240,2016-10-24,16:24:00
145,407,452,2016-10-12,16:22:00
146,69,457,2016-08-28,16:57:00
147,6,349,2016-11-17,18:17:00
148,97,44,2016-08-27,19:45:00
149,354,389,2016-08-01,12:12:00
150,344,443,2016-09-24,07:07:00
151,382,389,2016-09-04,07:10:00
152,472,62,2016-10-05,12:41:00
153,344,352,2016-08-11,16:16:00
154,380,28,2016-10-30,00:18:00
155,371,209,2016-12-01,17:16:00
156,249,268,2016-12-29,14:51:00
157,418,200,2016-12-08,01:44:00
158,84,457,2016-11-07,13:21:00
159,10,235,2016-08-17,21:07:00
160,167,332,2016-10-09,10:32:00
161,498,124,2016-11-13,01:58:00
162,188,98,2016-11-07,08:27:00
163,280,167,2016-08-30,23:27:00
164,25,345,2016-08-17,14:41:00
165,319,181,2016-11-23,11:28:00
166,288,428,2016-10-22,06:42:00
167,306,108,2016-09-23,10:22:00
168,98,47,2016-09-18,04:02:00
169,443,87,2016-10-09,04:46:00
170,469,247,2016-12-11,02:01:00
171,183,430,2016-08-02,02:23:00
172,30,280,2016-11-23,11:59:00
173,110,167,2016-11-19,16:51:00
174,458,388,2016-08-07,12:32:00
175,473,197,2016-08-31,20:00:00
176,99,348,2016-10-19,07:10:00
177,114,277,2016-11-13,19:48:00
178,391,77,2016-11-12,14:24:00
179,249,251,2016-08-04,18:30:00
180,218,134,2016-10-16,14:05:00
181,85,216,2016-11-06,09:15:00
182,196,42,2016-10-06,16:36:00
183,283,179,2016-11-15,12:22:00
184,200,118,2016-08-05,06:02:00
185,52,112,2016-10-03,14:54:00
186,142,140,2016-09-09,04:22:00
187,134,246,2016-08-03,00:40:00
188,189,37,2016-10-06,08:16:00
189,381,400,2016-11-09,09:36:00
190,85,253,2016-12-13,09:08:00
191,135,5,2016-08-28,09:11:00
192,172,86,2016-10-10,04:08:00
193,449,164,2016-09-17,15:59:00
194,482,158,2016-11-17,11:55:00
195,302,168,2016-12-12,23:17:00
196,286,194,2016-08-29,08:42:00
197,30,172,2016-11-20,15:06:00
198,123,220,2016-10-14,21:54:00
199,494,364,2016-09-13,14:02:00
200,151,374,2016-09-20,18:15:00
201,138,425,2016-08-22,12:07:00
202,225,6,2016-12-23,17:59:00
203,214,47,2016-09-07,01:15:00
204,178,141,2016-09-28,07:15:00
205,114,100,2016-08-13,08:19:00
206,47,315,2016-10-28,19:28:00
207,2,196,2016-09-26,23:58:00
208,477,153,2016-08-10,00:12:00
209,172,282,2016-11-18,08:12:00
210,281,153,2016-10-17,03:52:00
211,252,66,2016-09-13,10:44:00
212,134,496,2016-09-20,21:27:00
213,53,380,2016-09-02,22:48:00
214,316,375,2016-10-29,09:18:00
215,427,349,2016-12-29,00:47:00
216,463,343,2016-10-18,05:44:00
217,424,43,2016-10-16,01:22:00
218,243,434,2016-12-27,17:15:00
219,390,422,2016-09-21,09:07:00
220,380,112,2016-11-06,11:25:00
221,312,361,2016-11-28,13:08:00
222,141,255,2016-11-26,09:49:00
223,259,387,2016-08-06,00:17:00
224,73,368,2016-09-05,18:44:00
225,188,239,2016-12-22,22:51:00
226,308,135,2016-10-08,14:27:00
227,25,256,2016-09-30,21:36:00
228,400,469,2016-09-17,12:59:00
229,400,127,2016-08-17,20:47:00
230,17,61,2016-10-12,00:02:00
231,435,238,2016-08-12,10:28:00
232,116,186,2016-11-23,13:20:00
233,348,408,2016-09-14,00:54:00
234,283,40,2016-09-20,05:17:00
235,114,176,2016-09-24,20:54:00
236,439,442,2016-12-14,13:25:00
237,379,404,2016-11-12,01:02:00
238,280,228,2016-08-28,04:18:00
239,153,195,2016-08-12,22:47:00
240,231,167,2016-10-16,05:23:00
241,483,2,2016-10-16,18:04:00
242,310,347,2016-10-22,04:33:00
243,391,313,2016-10-22,01:55:00
244,388,60,2016-12-30,06:42:00
245,281,160,2016-08-26,03:22:00
246,493,267,2016-09-28,23:04:00
247,386,304,2016-12-15,18:53:00
248,454,126,2016-09-24,05:58:00
249,119,283,2016-09-04,19:24:00
250,145,322,2016-10-18,18:59:00
251,40,331,2016-09-10,05:03:00
252,64,365,2016-09-05,19:29:00
253,352,273,2016-09-24,09:56:00
254,182,410,2016-10-17,00:40:00
255,326,383,2016-08-15,19:18:00
256,210,249,2016-09-05,05:24:00
257,51,355,2016-08-20,01:03:00
258,174,365,2016-11-13,18:12:00
259,290,219,2016-10-31,13:40:00
260,239,476,2016-12-25,20:46:00
261,448,305,2016-10-10,16:59:00
262,191,499,2016-10-04,09:13:00
263,192,376,2016-12-20,15:03:00
264,249,7,2016-09-03,20:25:00
265,396,242,2016-12-06,22:49:00
266,61,229,2016-10-28,03:14:00
267,19,362,2016-09-13,15:47:00
268,375,8,2016-11-20,16:58:00
269,146,258,2016-12-06,09:31:00
270,260,450,2016-09-20,10:12:00
271,155,183,2016-12-24,10:56:00
272,267,444,2016-09-11,18:16:00
273,71,72,2016-09-12,23:52:00
274,378,108,2016-12-06,03:23:00
275,12,256,2016-08-07,14:26:00
276,41,183,2016-11-08,17:54:00
277,340,160,2016-10-06,20:34:00
278,18,337,2016-09-08,15:34:00
279,257,78,2016-11-24,16:31:00
280,333,48,2016-08-26,05:10:00
281,372,261,2016-10-04,05:40:00
282,297,301,2016-11-23,17:38:00
283,314,339,2016-09-15,20:16:00
284,314,224,2016-10-21,01:00:00
285,82,62,2016-08-20,10:05:00
286,315,318,2016-09-06,01:11:00
287,99,246,2016-12-16,19:08:00
288,298,346,2016-09-22,05:04:00
289,281,159,2016-12-16,05:00:00
290,326,207,2016-09-08,07:54:00
291,137,432,2016-10-30,14:56:00
292,286,2,2016-08-18,03:25:00
293,4,38,2016-09-19,23:41:00
294,291,421,2016-10-04,10:54:00
295,94,497,2016-10-15,23:06:00
296,3,425,2016-10-24,00:31:00
297,336,51,2016-11-20,23:50:00
298,321,23,2016-08-08,09:21:00
299,266,130,2016-10-23,01:38:00
300,384,217,2016-11-27,16:56:00
301,90,345,2016-10-01,19:04:00
302,388,182,2016-09-24,08:20:00
303,97,429,2016-08-26,03:43:00
304,24,392,2016-12-25,06:27:00
305,331,495,2016-10-27,19:32:00
306,360,162,2016-08-14,02:46:00
307,179,82,2016-10-18,01:21:00
308,239,71,2016-09-23,11:34:00
309,276,208,2016-08-18,16:57:00
310,405,369,2016-10-06,18:22:00
311,394,288,2016-08-29,11:09:00
312,440,447,2016-08-17,06:32:00
313,25,388,2016-10-25,09:39:00
314,35,252,2016-08-20,20:39:00
315,261,309,2016-11-26,11:51:00
316,311,210,2016-12-25,03:27:00
317,431,448,2016-10-12,02:17:00
318,405,122,2016-12-06,05:04:00
319,224,210,2016-12-26,01:44:00
320,469,11,2016-09-29,19:21:00
321,443,439,2016-10-09,12:42:00
322,109,351,2016-12-31,15:34:00
323,320,212,2016-08-24,19:36:00
324,393,360,2016-11-29,16:28:00
325,254,262,2016-12-07,22:31:00
326,454,39,2016-12-13,14:45:00
327,421,368,2016-12-26,14:39:00
328,371,270,2016-08-16,05:13:00
329,216,140,2016-08-04,14:32:00
330,213,414,2016-08-16,02:54:00
331,330,90,2016-11-18,06:45:00
332,397,446,2016-12-22,09:31:00
333,364,266,2016-09-07,22:51:00
334,234,161,2016-12-13,14:24:00
335,54,335,2016-11-03,17:00:00
336,198,465,2016-09-21,13:14:00
337,276,176,2016-11-30,00:04:00
338,371,405,2016-10-25,11:14:00
339,185,210,2016-09-14,12:16:00
340,16,461,2016-11-03,02:22:00
341,16,387,2016-09-04,00:42:00
342,19,100,2016-08-02,14:14:00
343,179,251,2016-12-15,02:30:00
344,307,10,2016-08-28,00:16:00
345,227,138,2016-12-07,07:03:00
346,231,217,2016-10-15,23:01:00
347,48,169,2016-10-21,10:14:00
348,283,37,2016-08-30,11:23:00
349,476,18,2016-11-18,08:35:00
350,49,407,2016-10-14,19:44:00
351,189,363,2016-08-12,01:59:00
352,164,45,2016-09-13,00:51:00
353,350,218,2016-10-07,23:43:00
354,71,410,2016-09-27,01:56:00
355,481,450,2016-10-21,10:07:00
356,146,94,2016-09-25,03:18:00
357,216,195,2016-08-20,21:13:00
358,242,162,2016-10-17,19:07:00
359,278,409,2016-09-15,10:27:00
360,480,397,2016-08-19,18:29:00
361,314,358,2016-09-05,20:58:00
362,371,173,2016-08-21,01:37:00
363,261,10,2016-09-25,02:58:00
364,182,337,2016-12-27,20:22:00
365,213,210,2016-12-25,09:13:00
366,426,223,2016-09-17,19:50:00
367,367,364,2016-12-05,11:07:00
368,324,90,2016-09-26,01:48:00
369,36,148,2016-09-18,16:07:00
370,341,18,2016-10-09,03:26:00
371,499,350,2016-09-08,23:14:00
372,472,272,2016-11-03,12:39:00
373,332,69,2016-11-16,05:06:00
374,145,280,2016-12-16,20:24:00
375,348,392,2016-10-20,03:24:00
376,143,272,2016-12-02,00:45:00
377,434,424,2016-09-10,03:42:00
378,226,166,2016-10-27,18:10:00
379,109,168,2016-08-22,14:46:00
380,361,153,2016-08-13,20:27:00
381,393,280,2016-08-06,09:41:00
382,77,65,2016-12-18,15:09:00
383,385,354,2016-09-12,07:01:00
384,440,21,2016-10-23,16:25:00
385,466,441,2016-12-21,02:19:00
386,159,216,2016-11-16,10:40:00
387,408,116,2016-08-07,13:23:00
388,410,395,2016-10-25,17:21:00
389,5,318,2016-10-09,16:44:00
390,406,29,2016-10-10,23:34:00
391,16,133,2016-08-15,02:23:00
392,124,397,2016-12-04,15:32:00
393,74,109,2016-12-17,12:33:00
394,154,51,2016-08-16,15:59:00
395,180,166,2016-10-12,06:03:00
396,124,320,2016-09-15,12:51:00
397,273,396,2016-09-05,03:24:00
398,234,13,2016-12-31,17:20:00
399,452,399,2016-09-13,23:52:00
400,171,130,2016-11-26,18:29:00
401,352,231,2016-11-28,04:10:00
402,75,376,2016-10-20,22:54:00
403,473,178,2016-11-06,23:42:00
404,339,247,2016-10-26,18:27:00
405,151,432,2016-09-04,09:37:00
406,75,67,2016-08-10,09:05:00
407,218,161,2016-09-15,03:59:00
408,7,415,2016-08-30,14:27:00
409,204,27,2016-12-15,23:44:00
410,454,283,2016-12-12,23:55:00
411,195,66,2016-12-10,04:22:00
412,455,33,2016-10-27,07:18:00
413,34,326,2016-09-01,18:17:00
414,414,248,2016-12-19,07:49:00
415,457,317,2016-09-01,16:42:00
416,366,323,2016-12-12,23:02:00
417,425,460,2016-11-23,05:31:00
418,337,74,2016-12-05,23:33:00
419,433,55,2016-08-28,13:14:00
420,7,7,2016-11-11,18:29:00
421,334,442,2016-11-19,15:44:00
422,364,499,2016-09-18,15:30:00
423,183,305,2016-12-18,00:33:00
424,372,76,2016-08-22,13:06:00
425,405,301,2016-12-15,21:45:00
426,313,122,2016-10-27,08:13:00
427,424,79,2016-10-13,23:05:00
428,459,255,2016-08-03,21:43:00
429,241,236,2016-09-19,01:50:00
430,6,391,2016-11-15,14:58:00
431,431,235,2016-08-16,00:07:00
432,95,167,2016-09-23,15:33:00
433,498,364,2016-12-02,15:05:00
434,347,190,2016-12-09,02:20:00
435,332,459,2016-09-11,16:43:00
436,491,223,2016-11-12,03:24:00
437,289,128,2016-12-15,06:56:00
438,84,197,2016-09-24,16:43:00
439,264,238,2016-10-01,04:17:00
440,14,346,2016-12-11,05:12:00
441,131,273,2016-12-02,02:41:00
442,476,87,2016-08-15,04:03:00
443,61,319,2016-12-22,14:46:00
444,307,412,2016-11-08,22:37:00
445,75,469,2016-09-18,13:42:00
446,392,454,2016-11-10,02:07:00
447,206,102,2016-12-11,06:12:00
448,363,409,2016-10-08,21:24:00
449,433,329,2016-11-11,09:01:00
450,473,387,2016-10-07,02:48:00
451,287,121,2016-12-09,14:20:00
452,465,153,2016-10-31,10:26:00
453,249,68,2016-08-21,11:17:00
454,12,180,2016-10-19,21:54:00
455,273,137,2016-08-01,09:46:00
456,103,423,2016-09-28,20:31:00
457,466,163,2016-09-18,15:00:00
458,125,4,2016-09-19,14:18:00
459,262,337,2016-09-10,17:50:00
460,484,63,2016-11-14,04:24:00
461,354,168,2016-09-28,21:24:00
462,53,295,2016-09-30,03:44:00
463,210,306,2016-08-29,02:44:00
464,207,213,2016-09-03,10:49:00
465,478,211,2016-11-07,14:15:00
466,199,245,2016-11-24,05:34:00
467,323,167,2016-10-25,00:20:00
468,288,499,2016-12-20,14:47:00
469,111,111,2016-10-01,22:23:00
470,254,39,2016-12-22,14:33:00
471,307,205,2016-11-19,11:57:00
472,244,96,2016-11-12,19:55:00
473,434,106,2016-10-04,14:16:00
474,326,428,2016-08-31,04:39:00
475,215,356,2016-08-10,00:43:00
476,139,272,2016-12-27,23:02:00
477,490,275,2016-08-08,19:07:00
478,266,255,2016-12-11,12:43:00
479,247,53,2016-08-24,21:02:00
480,348,432,2016-10-17,13:58:00
481,434,10,2016-11-02,22:19:00
482,294,37,2016-11-23,13:10:00
483,13,124,2016-10-21,15:47:00
484,96,437,2016-10-21,08:45:00
485,326,389,2016-11-23,17:42:00
486,462,69,2016-11-20,18:13:00
487,469,184,2016-09-05,19:36:00
488,46,345,2016-08-27,19:15:00
489,320,279,2016-12-29,23:44:00
490,476,206,2016-12-27,13:31:00
491,404,27,2016-08-23,06:26:00
492,192,399,2016-12-31,21:53:00
493,371,30,2016-12-24,02:22:00
494,451,75,2016-10-13,21:10:00
495,423,428,2016-12-20,20:59:00
496,464,371,2016-09-30,03:10:00
497,462,290,2016-11-11,03:54:00
498,367,341,2016-08-13,05:27:00
499,396,39,2016-08-21,14:45:00
500,41,77,2016-12-14,04:11:00
501,201,492,2016-09-10,02:23:00
502,81,325,2016-11-06,00:49:00
503,280,125,2016-11-02,00:28:00
504,6,212,2016-11-25,01:50:00
505,205,318,2016-09-12,21:45:00
506,350,166,2016-12-16,09:54:00
507,239,173,2016-08-22,05:54:00
508,94,442,2016-12-05,05:31:00
509,235,90,2016-09-14,07:47:00
510,233,252,2016-10-15,19:52:00
511,251,22,2016-12-05,16:48:00
512,414,228,2016-10-11,01:45:00
513,81,79,2016-08-11,09:34:00
514,458,199,2016-12-29,04:26:00
515,298,319,2016-09-23,08:01:00
516,312,287,2016-09-09,11:48:00
517,253,484,2016-12-21,18:15:00
518,335,37,2016-08-20,19:14:00
519,324,433,2016-11-23,22:55:00
520,241,480,2016-11-02,05:53:00
521,38,255,2016-12-19,05:32:00
522,223,261,2016-09-20,07:13:00
523,399,13,2016-11-23,11:17:00
524,8,466,2016-10-15,13:29:00
525,457,469,2016-10-18,08:02:00
526,269,357,2016-11-11,12:47:00
527,167,496,2016-11-27,16:35:00
528,47,228,2016-09-28,05:27:00
529,359,354,2016-09-01,14:06:00
530,155,287,2016-09-06,05:01:00
531,156,484,2016-08-16,19:08:00
532,369,102,2016-12-01,05:14:00
533,231,49,2016-12-01,08:53:00
534,383,184,2016-12-16,14:05:00
535,197,76,2016-08-13,15:52:00
536,350,265,2016-12-05,13:02:00
537,219,420,2016-10-26,08:11:00
538,94,148,2016-12-10,13:48:00
539,169,376,2016-10-19,06:59:00
540,269,197,2016-12-27,03:42:00
541,352,262,2016-10-16,22:46:00
542,404,301,2016-12-03,08:56:00
543,472,342,2016-11-15,14:18:00
544,251,408,2016-08-02,20:16:00
545,469,300,2016-12-21,21:23:00
546,493,72,2016-11-01,06:27:00
547,286,449,2016-11-26,01:47:00
548,463,146,2016-09-28,23:47:00
549,71,275,2016-08-13,23:07:00
550,177,315,2016-11-20,15:32:00
551,88,238,2016-12-25,02:54:00
552,430,85,2016-08-13,19:16:00
553,316,85,2016-08-20,11:39:00
554,463,186,2016-12-12,11:46:00
555,33,236,2016-11-14,15:24:00
556,213,184,2016-08-25,07:05:00
557,55,335,2016-10-14,06:27:00
558,227,391,2016-10-27,06:53:00
559,229,410,2016-12-20,14:38:00
560,266,281,2016-09-10,07:26:00
561,154,435,2016-08-28,07:50:00
562,494,460,2016-11-29,13:57:00
563,255,276,2016-08-02,06:32:00
564,328,210,2016-10-06,20:38:00
565,448,470,2016-09-19,13:47:00
566,329,194,2016-08-19,11:26:00
567,58,281,2016-10-08,08:22:00
568,319,235,2016-09-11,10:01:00
569,295,223,2016-10-07,07:05:00
570,475,121,2016-12-04,20:06:00
571,87,113,2016-10-30,21:36:00
572,391,164,2016-11-06,20:16:00
573,20,175,2016-10-19,12:12:00
574,492,442,2016-09-01,19:05:00
575,115,58,2016-11-13,01:48:00
576,296,94,2016-12-19,01:23:00
577,71,175,2016-10-31,08:14:00
578,368,154,2016-09-07,03:21:00
579,22,126,2016-11-13,08:24:00
580,60,365,2016-10-27,04:45:00
581,193,404,2016-12-25,11:06:00
582,120,40,2016-12-28,08:02:00
583,136,127,2016-10-19,07:43:00
584,337,244,2016-12-19,00:41:00
585,455,36,2016-09-07,05:37:00
586,203,300,2016-10-10,23:52:00
587,171,484,2016-12-10,04:34:00
588,478,493,2016-10-10,09:37:00
589,310,126,2016-11-13,15:39:00
590,262,472,2016-12-20,13:28:00
591,73,201,2016-08-24,20:03:00
592,40,191,2016-11-08,18:16:00
593,35,384,2016-10-19,02:08:00
594,320,142,2016-10-02,07:29:00
595,91,50,2016-08-01,07:13:00
596,387,199,2016-08-19,16:20:00
597,193,60,2016-10-04,11:18:00
598,112,430,2016-10-04,13:54:00
599,26,169,2016-11-14,21:04:00
600,427,246,2016-10-06,22:32:00
601,262,153,2016-11-10,16:02:00
602,101,474,2016-12-02,01:04:00
603,493,265,2016-09-07,22:14:00
604,332,122,2016-09-17,15:03:00
605,51,157,2016-11-17,05:44:00
606,301,78,2016-10-30,03:41:00
607,377,89,2016-12-23,10:27:00
608,216,489,2016-12-09,11:50:00
609,369,310,2016-08-29,04:48:00
610,369,418,2016-12-18,13:23:00
611,244,301,2016-09-17,04:11:00
612,419,282,2016-09-21,13:57:00
613,101,172,2016-08-14,05:30:00
614,29,2,2016-10-17,08:07:00
615,174,285,2016-09-18,23:39:00
616,271,16,2016-11-27,04:16:00
617,375,119,2016-11-13,07:27:00
618,278,257,2016-09-20,15:45:00
619,12,182,2016-11-25,15:41:00
620,192,491,2016-08-30,12:55:00
621,62,327,2016-11-06,05:39:00
622,15,438,2016-09-17,17:40:00
623,22,486,2016-12-12,16:05:00
624,456,91,2016-10-26,07:09:00
625,136,166,2016-10-15,10:14:00
626,457,472,2016-08-11,23:53:00
627,216,48,2016-11-04,05:17:00
628,411,234,2016-12-07,00:52:00
629,98,448,2016-12-31,07:22:00
630,264,236,2016-10-12,19:29:00
631,442,152,2016-08-06,17:29:00
632,177,220,2016-12-21,11:26:00
633,157,438,2016-10-22,02:28:00
634,453,89,2016-10-07,21:06:00
635,405,419,2016-09-24,20:39:00
636,1,426,2016-11-14,21:11:00
637,48,316,2016-09-03,09:29:00
638,485,435,2016-10-18,20:30:00
639,438,397,2016-10-18,04:02:00
640,11,398,2016-10-03,02:17:00
641,308,238,2016-11-05,15:35:00
642,454,28,2016-12-01,05:21:00
643,106,26,2016-11-05,14:45:00
644,211,46,2016-12-09,23:46:00
645,25,315,2016-10-18,18:15:00
646,404,134,2016-11-28,13:42:00
647,241,12,2016-11-27,07:02:00
648,120,63,2016-10-12,03:12:00
649,206,337,2016-12-10,14:50:00
650,474,453,2016-09-02,23:02:00
651,89,404,2016-12-08,07:15:00
652,83,29,2016-11-07,00:00:00
653,211,215,2016-09-08,17:37:00
654,267,34,2016-10-08,08:49:00
655,398,20,2016-12-17,11:35:00
656,126,311,2016-11-20,09:37:00
657,307,80,2016-12-14,07:55:00
658,373,273,2016-08-27,06:06:00
659,53,430,2016-10-31,16:13:00
660,450,183,2016-11-26,04:48:00
661,340,60,2016-08-18,13:57:00
662,464,57,2016-11-26,12:55:00
663,249,210,2016-12-30,02:02:00
664,495,323,2016-12-20,08:58:00
665,216,91,2016-10-08,08:03:00
666,266,448,2016-10-24,01:23:00
667,240,478,2016-10-03,00:35:00
668,138,443,2016-09-13,07:01:00
669,455,39,2016-11-22,18:03:00
670,302,334,2016-12-30,22:54:00
671,295,338,2016-11-02,01:40:00
672,371,106,2016-08-28,20:27:00
673,386,167,2016-12-28,06:32:00
674,356,351,2016-12-15,20:47:00
675,391,136,2016-11-09,15:03:00
676,326,60,2016-11-13,21:51:00
677,498,171,2016-08-10,09:11:00
678,440,187,2016-08-15,03:28:00
679,90,118,2016-12-19,03:39:00
680,145,252,2016-12-14,20:28:00
681,442,215,2016-10-31,12:47:00
682,397,75,2016-09-14,09:16:00
683,216,421,2016-08-18,20:12:00
684,135,140,2016-10-27,05:57:00
685,247,225,2016-10-17,10:44:00
686,365,213,2016-11-22,12:46:00
687,479,127,2016-10-21,23:02:00
688,284,284,2016-12-19,21:40:00
689,282,118,2016-10-01,14:25:00
690,3,163,2016-09-28,01:16:00
691,261,373,2016-10-24,19:17:00
692,486,123,2016-12-05,12:31:00
693,131,19,2016-10-28,01:40:00
694,262,117,2016-12-15,08:11:00
695,191,151,2016-08-16,20:08:00
696,438,218,2016-10-18,14:01:00
697,8,480,2016-10-31,15:30:00
698,435,274,2016-09-28,01:58:00
699,481,43,2016-10-19,16:30:00
700,38,262,2016-09-01,04:33:00
701,436,29,2016-09-24,22:22:00
702,371,440,2016-12-22,11:52:00
703,6,193,2016-12-11,16:21:00
704,421,262,2016-12-16,20:51:00
705,58,258,2016-12-10,02:23:00
706,344,10,2016-10-27,22:53:00
707,226,192,2016-11-21,08:29:00
708,63,38,2016-12-24,13:40:00
709,181,4,2016-08-03,15:49:00
710,388,345,2016-09-09,11:47:00
711,441,204,2016-10-27,11:58:00
712,286,462,2016-12-02,04:39:00
713,397,492,2016-09-05,12:20:00
714,394,241,2016-08-29,03:04:00
715,461,355,2016-09-08,22:35:00
716,235,383,2016-10-09,20:02:00
717,152,21,2016-09-24,13:50:00
718,389,101,2016-08-27,21:09:00
719,379,227,2016-10-19,13:22:00
720,367,306,2016-09-14,15:30:00
721,166,155,2016-10-23,00:56:00
722,297,37,2016-09-13,18:55:00
723,366,386,2016-09-14,12:07:00
724,348,453,2016-09-12,20:18:00
725,397,78,2016-09-02,04:44:00
726,264,478,2016-08-03,17:35:00
727,385,404,2016-10-18,14:18:00
728,94,410,2016-10-10,04:07:00
729,114,492,2016-10-27,13:03:00
730,348,135,2016-10-03,12:20:00
731,298,7,2016-10-19,01:37:00
732,169,327,2016-12-23,02:36:00
733,175,260,2016-09-19,11:19:00
734,261,296,2016-09-23,03:06:00
735,180,174,2016-11-25,09:08:00
736,433,44,2016-10-12,00:24:00
737,92,446,2016-09-26,17:54:00
738,403,497,2016-08-14,18:14:00
739,171,442,2016-11-10,15:14:00
740,370,417,2016-08-01,00:22:00
741,265,389,2016-08-27,08:06:00
742,76,137,2016-12-06,13:07:00
743,253,449,2016-08-08,09:21:00
744,180,85,2016-10-24,23:02:00
745,42,249,2016-11-21,21:30:00
746,205,195,2016-12-05,14:06:00
747,74,216,2016-10-16,06:52:00
748,281,306,2016-09-27,17:17:00
749,460,271,2016-11-28,14:52:00
750,282,91,2016-09-23,19:03:00
751,317,341,2016-09-29,17:30:00
752,253,124,2016-12-02,16:56:00
753,450,234,2016-11-05,08:43:00
754,9,171,2016-08-30,23:05:00
755,369,96,2016-12-26,01:09:00
756,470,165,2016-08-30,01:18:00
757,150,422,2016-11-25,19:09:00
758,97,141,2016-09-05,10:02:00
759,155,169,2016-10-25,15:37:00
760,185,310,2016-09-23,20:18:00
761,74,281,2016-09-26,10:44:00
762,159,112,2016-08-28,18:38:00
763,461,295,2016-12-09,13:15:00
764,486,349,2016-08-24,15:30:00
765,94,413,2016-10-07,05:32:00
766,140,292,2016-10-29,01:38:00
767,491,239,2016-08-12,11:59:00
768,465,378,2016-11-26,04:57:00
769,319,397,2016-09-05,01:36:00
770,285,409,2016-08-19,06:40:00
771,366,171,2016-12-04,10:55:00
772,405,330,2016-11-27,17:55:00
773,330,261,2016-08-10,12:45:00
774,147,198,2016-08-10,09:50:00
775,281,375,2016-11-23,18:27:00
776,318,396,2016-08-20,19:18:00
777,423,463,2016-11-06,16:53:00
778,78,151,2016-09-04,06:23:00
779,398,494,2016-12-19,22:34:00
780,218,421,2016-12-16,21:03:00
781,228,170,2016-09-29,02:40:00
782,160,227,2016-08-02,02:03:00
783,139,301,2016-11-12,02:06:00
784,457,75,2016-11-20,17:54:00
785,9,35,2016-11-24,10:06:00
786,206,225,2016-09-28,13:17:00
787,43,420,2016-08-13,07:01:00
788,167,407,2016-09-23,16:46:00
789,145,93,2016-08-03,20:39:00
790,1,136,2016-08-09,22:34:00
791,72,230,2016-11-03,16:21:00
792,109,387,2016-10-04,00:56:00
793,144,402,2016-12-14,17:33:00
794,185,273,2016-08-18,20:25:00
795,308,1,2016-10-06,16:59:00
796,232,328,2016-08-13,09:10:00
797,92,260,2016-10-05,02:11:00
798,467,255,2016-08-11,07:39:00
799,350,67,2016-11-07,08:28:00
800,373,330,2016-08-04,22:33:00
801,181,44,2016-09-04,14:20:00
802,129,43,2016-08-18,19:36:00
803,32,320,2016-08-01,11:23:00
804,150,140,2016-11-28,20:26:00
805,52,101,2016-11-02,07:53:00
806,183,294,2016-12-18,07:39:00
807,464,285,2016-08-10,05:32:00
808,89,330,2016-10-05,17:40:00
809,267,135,2016-12-16,18:26:00
810,450,113,2016-11-13,03:24:00
811,188,250,2016-10-09,22:55:00
812,65,69,2016-12-30,04:38:00
813,443,479,2016-08-26,10:22:00
814,133,328,2016-12-31,00:53:00
815,242,227,2016-09-17,10:47:00
816,113,118,2016-08-05,11:01:00
817,78,100,2016-09-30,11:04:00
818,290,338,2016-10-06,19:08:00
819,480,52,2016-11-21,11:43:00
820,407,378,2016-08-09,13:00:00
821,100,71,2016-11-04,00:43:00
822,430,125,2016-10-20,02:19:00
823,233,308,2016-08-25,23:11:00
824,286,235,2016-11-05,18:36:00
825,327,455,2016-12-18,01:29:00
826,25,72,2016-09-09,15:20:00
827,157,442,2016-09-23,16:28:00
828,82,48,2016-08-07,23:35:00
829,85,156,2016-10-27,04:20:00
830,340,411,2016-12-27,18:49:00
831,112,118,2016-08-28,12:17:00
832,397,377,2016-11-17,07:43:00
833,164,420,2016-08-04,19:27:00
834,64,156,2016-12-20,22:38:00
835,186,436,2016-11-04,16:55:00
836,372,395,2016-09-12,19:29:00
837,103,386,2016-12-25,09:00:00
838,271,93,2016-09-14,12:18:00
839,149,281,2016-08-17,03:49:00
840,42,418,2016-11-07,19:30:00
841,440,473,2016-10-09,03:48:00
842,120,153,2016-08-17,00:22:00
843,318,379,2016-08-25,18:12:00
844,266,51,2016-11-01,17:19:00
845,159,126,2016-10-29,01:26:00
846,175,184,2016-09-10,15:29:00
847,355,121,2016-10-22,17:49:00
848,213,486,2016-11-04,02:54:00
849,64,440,2016-09-28,08:50:00
850,362,490,2016-11-01,13:09:00
851,14,429,2016-12-08,09:43:00
852,329,250,2016-10-22,13:41:00
853,315,428,2016-12-12,07:20:00
854,314,80,2016-09-21,14:22:00
855,20,28,2016-08-27,01:19:00
856,322,237,2016-11-03,07:21:00
857,452,56,2016-09-08,11:13:00
858,157,64,2016-08-13,00:09:00
859,476,11,2016-08-19,01:31:00
860,218,394,2016-10-20,00:56:00
861,20,255,2016-08-04,19:49:00
862,434,177,2016-08-20,22:52:00
863,78,402,2016-11-23,12:45:00
864,306,66,2016-09-26,01:33:00
865,411,127,2016-11-25,18:19:00
866,337,276,2016-11-14,04:14:00
867,456,71,2016-10-12,16:10:00
868,308,253,2016-10-20,23:26:00
869,219,16,2016-11-28,19:56:00
870,431,166,2016-08-15,00:00:00
871,16,177,2016-12-28,01:57:00
872,154,303,2016-10-11,04:23:00
873,128,453,2016-11-27,23:44:00
874,277,213,2016-10-26,03:29:00
875,12,62,2016-08-25,01:06:00
876,120,245,2016-11-08,05:09:00
877,141,251,2016-08-17,16:02:00
878,414,390,2016-08-02,05:38:00
879,205,280,2016-10-19,22:54:00
880,112,201,2016-09-18,00:21:00
881,255,27,2016-11-19,09:37:00
882,292,447,2016-10-21,22:15:00
883,49,210,2016-11-17,03:28:00
884,406,470,2016-10-02,08:51:00
885,169,97,2016-09-28,17:11:00
886,88,346,2016-10-10,21:31:00
887,454,339,2016-12-18,00:36:00
888,332,406,2016-08-24,14:30:00
889,185,213,2016-11-14,13:51:00
890,467,416,2016-12-08,22:07:00
891,108,384,2016-12-27,19:22:00
892,484,121,2016-09-18,03:32:00
893,309,429,2016-12-21,21:18:00
894,359,90,2016-11-16,07:08:00
895,443,31,2016-11-01,12:07:00
896,155,21,2016-09-05,07:28:00
897,404,235,2016-08-27,09:33:00
898,170,223,2016-08-25,04:44:00
899,177,183,2016-12-17,09:23:00
900,141,225,2016-11-27,02:38:00
901,12,337,2016-10-04,12:58:00
902,494,308,2016-09-13,18:24:00
903,349,166,2016-10-16,22:42:00
904,98,467,2016-10-19,19:42:00
905,496,476,2016-08-14,09:53:00
906,418,182,2016-09-12,21:43:00
907,363,394,2016-11-11,16:22:00
908,446,482,2016-12-07,16:59:00
909,265,476,2016-08-01,22:35:00
910,211,329,2016-08-05,01:33:00
911,493,357,2016-12-11,17:59:00
912,247,153,2016-12-13,08:21:00
913,359,353,2016-11-09,00:56:00
914,301,431,2016-08-03,08:20:00
915,7,281,2016-10-06,01:15:00
916,195,213,2016-11-04,02:36:00
917,293,227,2016-12-18,08:24:00
918,304,136,2016-11-10,20:57:00
919,159,86,2016-09-26,12:13:00
920,69,96,2016-10-25,13:55:00
921,380,256,2016-10-18,05:31:00
922,457,283,2016-11-19,19:38:00
923,382,271,2016-08-05,07:53:00
924,172,122,2016-10-16,12:55:00
925,165,330,2016-09-06,21:57:00
926,490,377,2016-09-07,06:10:00
927,438,188,2016-09-09,10:55:00
928,254,111,2016-08-05,04:07:00
929,100,437,2016-11-19,12:14:00
930,93,328,2016-11-10,11:05:00
931,381,242,2016-11-17,11:36:00
932,23,492,2016-09-21,21:49:00
933,156,182,2016-09-08,22:20:00
934,264,432,2016-09-18,03:56:00
935,177,118,2016-10-29,18:56:00
936,124,293,2016-10-12,09:22:00
937,332,321,2016-10-21,14:09:00
938,69,134,2016-10-25,13:16:00
939,191,357,2016-08-17,20:25:00
940,298,419,2016-12-31,07:16:00
941,499,323,2016-09-08,09:06:00
942,348,401,2016-08-10,01:14:00
943,332,221,2016-10-06,05:27:00
944,234,497,2016-08-05,20:34:00
945,21,398,2016-10-13,09:13:00
946,67,430,2016-09-27,13:30:00
947,492,261,2016-12-05,08:55:00
948,216,62,2016-08-02,06:19:00
949,201,299,2016-11-06,08:14:00
950,218,90,2016-11-17,09:24:00
951,225,336,2016-12-02,18:43:00
952,2,411,2016-11-17,06:42:00
953,120,29,2016-12-11,13:59:00
954,475,150,2016-09-16,19:01:00
955,69,132,2016-08-05,11:10:00
956,328,475,2016-09-26,00:54:00
957,320,179,2016-08-26,19:24:00
958,27,420,2016-08-15,05:55:00
959,22,129,2016-10-28,03:35:00
960,210,315,2016-10-17,15:36:00
961,386,232,2016-09-05,02:30:00
962,60,222,2016-08-26,23:59:00
963,408,363,2016-08-12,00:59:00
964,430,351,2016-10-31,17:38:00
965,39,117,2016-12-17,16:51:00
966,334,30,2016-09-27,07:42:00
967,1,69,2016-09-26,09:12:00
968,50,423,2016-11-03,08:10:00
969,61,95,2016-08-17,10:18:00
970,283,370,2016-12-02,16:26:00
971,15,270,2016-08-01,04:14:00
972,387,286,2016-09-27,18:25:00
973,386,164,2016-08-30,21:21:00
974,127,244,2016-09-25,18:55:00
975,449,460,2016-09-19,10:25:00
976,389,477,2016-10-21,01:52:00
977,159,299,2016-11-14,06:23:00
978,305,374,2016-08-31,21:02:00
979,435,105,2016-09-11,16:58:00
980,426,277,2016-11-19,09:27:00
981,445,243,2016-11-09,03:08:00
982,330,327,2016-10-24,02:21:00
983,299,172,2016-09-02,18:18:00
984,225,65,2016-12-08,23:03:00
985,414,453,2016-12-10,15:51:00
986,98,385,2016-09-28,10:42:00
987,197,239,2016-12-28,22:43:00
988,54,170,2016-11-26,14:35:00
989,388,470,2016-08-24,20:14:00
990,453,242,2016-08-10,18:32:00
991,475,350,2016-08-16,02:09:00
992,72,105,2016-09-15,08:07:00
993,99,317,2016-11-23,02:50:00
994,245,322,2016-12-04,06:33:00
995,49,99,2016-09-08,18:10:00
996,389,487,2016-12-13,04:53:00
997,477,424,2016-09-06,23:31:00
998,136,81,2016-12-10,16:04:00
999,470,50,2016-08-04,03:25:00
1000,222,359,2016-09-28,20:10:00
1001,510,855,2016-12-21,18:35:00
1002,816,640,2016-11-08,07:03:00
1003,984,928,2016-08-26,23:26:00
1004,725,523,2016-09-01,15:43:00
1005,649,820,2016-11-17,10:59:00
1006,860,861,2016-09-28,08:04:00
1007,641,802,2016-11-14,11:37:00
1008,760,596,2016-12-20,19:01:00
1009,700,882,2016-09-09,12:28:00
1010,946,801,2016-11-02,12:08:00
1011,957,648,2016-11-13,11:29:00
1012,894,727,2016-10-26,05:52:00
1013,777,527,2016-12-20,11:34:00
1014,532,535,2016-10-11,08:30:00
1015,720,671,2016-10-14,21:51:00
1016,597,693,2016-10-11,14:36:00
1017,564,709,2016-10-14,11:51:00
1018,587,956,2016-11-16,20:17:00
1019,836,900,2016-08-16,00:26:00
1020,724,806,2016-08-29,01:11:00
1021,643,743,2016-11-10,11:09:00
1022,501,515,2016-09-10,13:12:00
1023,617,890,2016-12-28,00:33:00
1024,748,506,2016-11-13,21:10:00
1025,740,907,2016-09-27,15:46:00
1026,992,503,2016-09-11,21:08:00
1027,684,761,2016-09-04,23:37:00
1028,952,610,2016-11-10,03:10:00
1029,732,850,2016-09-18,01:35:00
1030,566,940,2016-12-13,17:44:00
1031,898,732,2016-08-25,05:39:00
1032,709,719,2016-12-17,00:21:00
1033,650,578,2016-10-17,12:53:00
1034,891,804,2016-11-08,21:51:00
1035,749,855,2016-12-27,05:16:00
1036,896,630,2016-10-15,08:15:00
1037,512,640,2016-09-02,17:18:00
1038,830,672,2016-12-20,22:04:00
1039,538,638,2016-12-30,01:53:00
1040,515,877,2016-11-30,08:02:00
1041,545,909,2016-10-08,22:49:00
1042,742,719,2016-10-07,22:34:00
1043,743,787,2016-08-16,21:26:00
1044,523,636,2016-08-23,22:46:00
1045,564,974,2016-12-01,06:32:00
1046,699,871,2016-11-12,05:28:00
1047,912,666,2016-11-21,21:20:00
1048,674,825,2016-08-30,20:36:00
1049,639,625,2016-11-22,05:09:00
1050,576,689,2016-10-11,15:41:00
1051,1000,980,2016-09-17,10:26:00
1052,627,979,2016-10-06,20:41:00
1053,568,977,2016-10-12,04:57:00
1054,636,728,2016-09-28,11:05:00
1055,982,933,2016-09-16,12:09:00
1056,900,691,2016-12-18,02:37:00
1057,958,815,2016-09-27,19:31:00
1058,883,651,2016-12-01,22:36:00
1059,785,557,2016-11-14,20:32:00
1060,549,904,2016-10-13,19:59:00
1061,817,562,2016-08-16,09:01:00
1062,799,998,2016-10-17,13:12:00
1063,789,546,2016-10-14,19:24:00
1064,512,904,2016-08-28,01:13:00
1065,521,625,2016-09-06,19:57:00
1066,650,729,2016-11-12,23:52:00
1067,612,925,2016-10-09,08:55:00
1068,896,775,2016-09-19,13:55:00
1069,963,663,2016-11-18,06:46:00
1070,779,910,2016-08-08,20:40:00
1071,947,593,2016-08-27,05:26:00
1072,899,805,2016-09-12,20:49:00
1073,632,689,2016-12-24,15:20:00
1074,548,669,2016-12-28,00:33:00
1075,962,680,2016-10-07,00:01:00
1076,943,911,2016-11-08,14:10:00
1077,616,624,2016-10-19,22:51:00
1078,532,653,2016-08-30,00:42:00
1079,766,605,2016-12-13,08:03:00
1080,881,627,2016-09-24,19:35:00
1081,644,672,2016-11-04,13:17:00
1082,690,825,2016-09-03,09:10:00
1083,534,878,2016-10-14,16:10:00
1084,859,848,2016-11-01,06:49:00
1085,523,646,2016-11-18,01:01:00
1086,762,555,2016-08-08,13:47:00
1087,889,940,2016-09-05,10:27:00
1088,804,857,2016-09-08,05:14:00
1089,565,546,2016-09-13,21:16:00
1090,687,642,2016-08-25,03:42:00
1091,553,629,2016-12-30,09:19:00
1092,696,975,2016-11-09,12:00:00
1093,639,575,2016-10-12,20:48:00
1094,753,819,2016-11-07,00:14:00
1095,506,625,2016-11-18,08:32:00
1096,659,870,2016-09-19,07:20:00
1097,861,647,2016-11-10,20:48:00
1098,959,612,2016-10-22,23:34:00
1099,503,937,2016-12-20,23:45:00
1100,690,529,2016-12-13,05:37:00
1101,722,659,2016-09-30,08:54:00
1102,964,589,2016-12-27,21:07:00
1103,560,550,2016-11-14,08:50:00
1104,655,944,2016-09-07,09:16:00
1105,629,966,2016-08-11,07:32:00
1106,782,531,2016-11-25,12:41:00
1107,581,731,2016-12-20,17:11:00
1108,753,704,2016-11-26,04:27:00
1109,860,943,2016-11-11,02:39:00
1110,821,630,2016-09-25,07:25:00
1111,514,544,2016-09-04,23:43:00
1112,881,530,2016-08-19,14:59:00
1113,721,855,2016-11-21,08:46:00
1114,568,602,2016-12-07,05:15:00
1115,904,852,2016-08-09,16:40:00
1116,908,715,2016-10-17,14:48:00
1117,778,766,2016-10-21,14:25:00
1118,945,608,2016-11-12,16:33:00
1119,756,910,2016-09-20,10:01:00
1120,561,804,2016-10-01,09:22:00
1121,587,921,2016-08-25,04:48:00
1122,786,752,2016-08-09,17:29:00
1123,558,892,2016-08-30,05:17:00
1124,760,610,2016-09-22,09:45:00
1125,619,695,2016-08-07,07:31:00
1126,860,755,2016-11-02,08:21:00
1127,877,933,2016-12-22,13:10:00
1128,735,797,2016-12-24,05:54:00
1129,540,898,2016-10-02,21:35:00
1130,867,503,2016-11-02,18:53:00
1131,973,517,2016-11-04,23:41:00
1132,656,764,2016-11-20,15:32:00
1133,596,649,2016-09-29,09:10:00
1134,651,569,2016-12-09,09:56:00
1135,963,745,2016-09-29,19:20:00
1136,558,895,2016-12-12,06:34:00
1137,921,537,2016-11-08,12:27:00
1138,527,741,2016-12-06,13:58:00
1139,786,745,2016-11-05,12:37:00
1140,671,805,2016-10-28,13:17:00
1141,911,589,2016-11-22,17:24:00
1142,676,974,2016-11-08,15:51:00
1143,556,927,2016-12-15,22:11:00
1144,893,839,2016-09-30,15:05:00
1145,979,592,2016-08-24,23:20:00
1146,868,827,2016-08-16,17:33:00
1147,748,836,2016-10-05,16:09:00
1148,931,912,2016-09-08,19:26:00
1149,779,633,2016-10-12,22:38:00
1150,602,673,2016-08-05,13:18:00
1151,542,577,2016-10-30,12:20:00
1152,829,763,2016-11-09,13:01:00
1153,953,834,2016-09-06,21:32:00
1154,666,798,2016-08-19,17:57:00
1155,601,982,2016-10-21,17:17:00
1156,692,876,2016-11-22,06:30:00
1157,746,601,2016-10-26,18:33:00
1158,704,563,2016-12-04,05:55:00
1159,937,889,2016-12-31,05:04:00
1160,641,947,2016-12-22,04:11:00
1161,684,854,2016-09-02,06:10:00
1162,855,734,2016-09-08,00:27:00
1163,827,769,2016-08-04,20:32:00
1164,579,577,2016-12-10,09:26:00
1165,592,989,2016-12-26,01:09:00
1166,923,539,2016-08-31,22:45:00
1167,526,550,2016-08-03,02:27:00
1168,996,807,2016-09-21,19:10:00
1169,926,794,2016-08-18,21:54:00
1170,628,930,2016-08-14,09:37:00
1171,830,859,2016-11-13,22:46:00
1172,996,608,2016-12-29,03:02:00
1173,796,745,2016-11-01,02:46:00
1174,548,614,2016-08-05,07:25:00
1175,728,965,2016-10-16,00:05:00
1176,916,970,2016-09-15,00:01:00
1177,803,613,2016-08-11,11:17:00
1178,628,804,2016-08-17,03:27:00
1179,773,764,2016-09-11,20:32:00
1180,953,703,2016-11-27,18:34:00
1181,964,965,2016-08-15,17:03:00
1182,949,880,2016-12-28,22:46:00
1183,812,727,2016-08-07,15:28:00
1184,535,548,2016-09-22,23:28:00
1185,572,725,2016-10-12,08:15:00
1186,865,597,2016-11-07,02:41:00
1187,637,586,2016-09-21,02:34:00
1188,635,691,2016-12-31,02:27:00
1189,749,919,2016-12-23,21:06:00
1190,997,709,2016-12-31,22:32:00
1191,895,893,2016-12-25,19:40:00
1192,541,661,2016-11-20,12:36:00
1193,855,921,2016-08-03,10:58:00
1194,946,987,2016-11-03,15:28:00
1195,927,878,2016-09-04,11:13:00
1196,697,622,2016-09-30,05:58:00
1197,949,978,2016-12-25,00:11:00
1198,622,998,2016-08-18,02:36:00
1199,712,531,2016-12-16,11:24:00
1200,523,655,2016-11-27,14:58:00
1201,598,800,2016-09-19,13:22:00
1202,821,752,2016-10-25,22:54:00
1203,849,971,2016-11-16,11:40:00
1204,827,535,2016-09-20,22:07:00
1205,972,668,2016-10-19,05:23:00
1206,878,739,2016-10-17,01:33:00
1207,895,994,2016-11-04,03:08:00
1208,973,698,2016-11-11,20:46:00
1209,579,623,2016-10-22,11:59:00
1210,618,723,2016-10-01,03:17:00
1211,694,995,2016-11-05,16:40:00
1212,956,526,2016-08-18,20:45:00
1213,613,746,2016-08-10,16:33:00
1214,809,687,2016-11-29,13:07:00
1215,531,624,2016-09-12,09:31:00
1216,999,963,2016-12-14,13:25:00
1217,681,926,2016-11-15,19:36:00
1218,516,985,2016-11-04,11:07:00
1219,520,589,2016-08-05,20:10:00
1220,888,607,2016-08-04,22:22:00
1221,602,991,2016-08-12,12:55:00
1222,899,680,2016-10-04,08:49:00
1223,826,857,2016-11-12,10:01:00
1224,701,616,2016-09-11,09:00:00
1225,914,948,2016-08-18,03:27:00
1226,986,941,2016-12-26,00:16:00
1227,849,774,2016-09-17,04:04:00
1228,714,866,2016-12-27,05:07:00
1229,603,515,2016-11-26,00:01:00
1230,792,867,2016-12-29,01:17:00
1231,830,940,2016-10-13,19:00:00
1232,503,679,2016-12-12,05:23:00
1233,783,805,2016-08-29,14:02:00
1234,602,947,2016-08-01,11:32:00
1235,904,633,2016-12-30,07:29:00
1236,868,642,2016-10-22,18:44:00
1237,917,600,2016-11-11,11:53:00
1238,556,573,2016-10-26,01:45:00
1239,660,619,2016-12-23,09:08:00
1240,905,785,2016-12-17,19:05:00
1241,643,873,2016-11-16,18:30:00
1242,741,578,2016-08-04,03:24:00
1243,950,635,2016-11-15,05:07:00
1244,868,511,2016-10-04,10:17:00
1245,622,733,2016-08-30,09:55:00
1246,806,868,2016-08-30,15:32:00
1247,655,948,2016-08-11,05:22:00
1248,985,507,2016-09-07,16:08:00
1249,917,751,2016-12-04,03:27:00
1250,568,724,2016-09-29,20:34:00
1251,552,850,2016-12-01,16:13:00
1252,670,626,2016-09-26,18:57:00
1253,535,502,2016-12-30,01:39:00
1254,547,965,2016-10-30,17:35:00
1255,711,775,2016-12-19,11:52:00
1256,505,550,2016-10-18,05:52:00
1257,938,708,2016-09-25,11:26:00
1258,887,893,2016-09-22,19:52:00
1259,687,886,2016-12-01,15:19:00
1260,564,818,2016-10-04,11:25:00
1261,507,774,2016-09-20,15:06:00
1262,541,608,2016-08-05,06:59:00
1263,882,604,2016-08-05,15:38:00
1264,761,985,2016-12-30,00:26:00
1265,715,860,2016-11-18,05:42:00
1266,886,807,2016-08-04,22:00:00
1267,550,932,2016-09-09,01:41:00
1268,960,872,2016-12-10,22:07:00
1269,835,510,2016-08-14,05:00:00
1270,975,849,2016-11-03,03:08:00
1271,805,663,2016-12-13,23:16:00
1272,761,640,2016-12-22,12:53:00
1273,811,737,2016-08-06,12:54:00
1274,811,662,2016-12-08,11:52:00
1275,703,900,2016-10-01,23:20:00
1276,905,820,2016-12-31,00:57:00
1277,592,627,2016-12-15,20:52:00
1278,640,525,2016-12-13,04:54:00
1279,651,750,2016-12-08,05:56:00
1280,846,736,2016-11-09,03:13:00
1281,791,686,2016-08-03,06:37:00
1282,821,972,2016-09-27,09:34:00
1283,917,537,2016-11-26,16:42:00
1284,939,836,2016-11-05,14:45:00
1285,786,728,2016-09-16,02:15:00
1286,689,856,2016-11-16,20:42:00
1287,817,709,2016-09-02,21:18:00
1288,733,522,2016-11-08,11:46:00
1289,701,552,2016-08-09,14:08:00
1290,623,805,2016-08-01,22:24:00
1291,565,927,2016-12-13,13:26:00
1292,907,512,2016-12-20,20:34:00
1293,654,525,2016-09-11,00:09:00
1294,829,613,2016-09-01,15:56:00
1295,629,829,2016-10-04,06:52:00
1296,639,530,2016-09-19,15:36:00
1297,512,834,2016-09-12,23:05:00
1298,543,903,2016-09-10,09:40:00
1299,626,574,2016-09-14,12:32:00
1300,527,540,2016-12-22,22:32:00
1301,643,615,2016-08-04,16:30:00
1302,783,642,2016-08-10,15:53:00
1303,649,762,2016-08-08,12:43:00
1304,823,703,2016-12-07,05:23:00
1305,561,599,2016-08-27,05:47:00
1306,820,900,2016-08-02,04:37:00
1307,909,947,2016-11-14,06:23:00
1308,791,650,2016-08-29,12:01:00
1309,597,762,2016-10-04,18:27:00
1310,758,851,2016-08-08,19:45:00
1311,909,896,2016-09-01,07:00:00
1312,567,912,2016-12-30,00:10:00
1313,750,815,2016-09-23,13:42:00
1314,888,631,2016-11-11,22:19:00
1315,631,969,2016-10-12,05:58:00
1316,679,737,2016-10-01,00:51:00
1317,592,933,2016-12-30,06:48:00
1318,595,684,2016-10-05,23:32:00
1319,936,708,2016-10-29,10:43:00
1320,857,750,2016-09-18,19:19:00
1321,770,888,2016-09-13,12:19:00
1322,508,540,2016-10-25,02:31:00
1323,783,869,2016-12-11,02:56:00
1324,799,766,2016-11-21,12:18:00
1325,641,886,2016-08-06,19:56:00
1326,963,979,2016-12-15,19:04:00
1327,545,988,2016-10-03,17:06:00
1328,934,516,2016-10-15,22:40:00
1329,543,678,2016-10-20,08:35:00
1330,651,919,2016-08-06,04:40:00
1331,752,768,2016-12-10,08:13:00
1332,592,587,2016-08-19,08:50:00
1333,769,527,2016-09-27,06:52:00
1334,502,566,2016-12-24,16:59:00
1335,565,561,2016-12-03,12:33:00
1336,514,864,2016-09-18,22:14:00
1337,697,597,2016-11-17,08:33:00
1338,880,859,2016-12-10,07:48:00
1339,849,779,2016-11-15,14:42:00
1340,516,643,2016-11-21,16:04:00
1341,641,760,2016-12-17,13:07:00
1342,851,620,2016-09-09,23:49:00
1343,896,911,2016-08-14,00:20:00
1344,815,792,2016-09-28,12:20:00
1345,718,579,2016-11-01,02:03:00
1346,610,509,2016-11-08,07:20:00
1347,843,830,2016-12-15,12:09:00
1348,988,991,2016-12-09,03:48:00
1349,948,925,2016-10-02,15:41:00
1350,677,625,2016-08-24,07:04:00
1351,537,549,2016-12-27,21:22:00
1352,715,580,2016-08-06,17:46:00
1353,548,572,2016-08-04,18:51:00
1354,648,747,2016-08-19,08:30:00
1355,548,856,2016-11-30,17:45:00
1356,710,592,2016-12-25,06:10:00
1357,940,709,2016-09-23,13:07:00
1358,882,848,2016-08-18,22:48:00
1359,904,622,2016-09-21,10:59:00
1360,571,663,2016-09-17,02:53:00
1361,805,579,2016-08-10,03:09:00
1362,790,699,2016-11-06,10:04:00
1363,662,712,2016-09-18,02:22:00
1364,594,674,2016-12-03,14:05:00
1365,638,834,2016-10-20,01:15:00
1366,838,745,2016-12-13,02:52:00
1367,918,914,2016-09-28,16:57:00
1368,964,577,2016-12-17,21:55:00
1369,962,683,2016-12-09,10:23:00
1370,551,725,2016-09-02,16:20:00
1371,578,891,2016-12-15,08:46:00
1372,611,967,2016-11-05,01:41:00
1373,707,611,2016-12-18,19:31:00
1374,675,693,2016-10-21,09:19:00
1375,773,663,2016-09-01,00:02:00
1376,825,966,2016-11-02,21:41:00
1377,797,822,2016-08-15,16:15:00
1378,635,836,2016-09-14,06:58:00
1379,858,619,2016-10-02,05:23:00
1380,845,638,2016-11-12,15:41:00
1381,676,837,2016-09-25,20:18:00
1382,922,563,2016-12-16,16:13:00
1383,755,731,2016-09-01,10:31:00
1384,707,746,2016-09-17,18:17:00
1385,676,663,2016-09-12,02:43:00
1386,736,905,2016-09-23,01:58:00
1387,666,985,2016-10-08,20:13:00
1388,844,941,2016-11-04,01:26:00
1389,645,898,2016-09-29,13:58:00
1390,908,847,2016-12-22,09:31:00
1391,666,919,2016-08-06,16:01:00
1392,740,932,2016-10-08,16:46:00
1393,672,628,2016-12-01,18:33:00
1394,522,510,2016-11-14,11:35:00
1395,700,570,2016-10-19,10:22:00
1396,533,651,2016-12-04,00:01:00
1397,913,875,2016-09-02,19:08:00
1398,537,749,2016-11-28,21:59:00
1399,529,712,2016-08-24,03:00:00
1400,668,792,2016-11-28,22:13:00
1401,588,901,2016-09-27,07:10:00
1402,881,542,2016-11-26,14:49:00
1403,929,762,2016-12-30,15:56:00
1404,798,991,2016-08-19,20:58:00
1405,865,983,2016-09-22,02:23:00
1406,569,959,2016-08-29,15:19:00
1407,694,781,2016-11-26,01:42:00
1408,624,676,2016-09-28,01:48:00
1409,514,732,2016-09-18,11:54:00
1410,976,925,2016-12-05,16:57:00
1411,924,539,2016-10-09,11:13:00
1412,911,882,2016-09-14,04:33:00
1413,531,779,2016-10-15,12:30:00
1414,586,743,2016-12-03,20:31:00
1415,670,675,2016-10-16,16:24:00
1416,685,644,2016-09-15,10:19:00
1417,623,984,2016-10-10,01:39:00
1418,952,945,2016-08-24,22:03:00
1419,519,971,2016-09-06,15:17:00
1420,584,867,2016-08-30,23:56:00
1421,922,843,2016-11-10,02:08:00
1422,783,952,2016-10-03,04:40:00
1423,617,865,2016-08-17,10:01:00
1424,756,642,2016-08-17,15:17:00
1425,787,868,2016-11-05,05:30:00
1426,771,797,2016-10-15,05:02:00
1427,849,749,2016-10-31,00:01:00
1428,910,519,2016-11-03,22:45:00
1429,887,593,2016-10-24,19:30:00
1430,557,963,2016-12-01,15:45:00
1431,659,671,2016-12-19,10:06:00
1432,535,873,2016-09-01,05:17:00
1433,571,888,2016-09-14,11:47:00
1434,796,782,2016-10-08,10:23:00
1435,769,981,2016-09-28,08:16:00
1436,969,527,2016-10-16,21:35:00
1437,578,806,2016-08-03,06:09:00
1438,526,687,2016-12-12,04:53:00
1439,826,506,2016-12-15,00:54:00
1440,597,977,2016-12-24,02:10:00
1441,590,507,2016-08-03,21:00:00
1442,559,908,2016-11-17,18:36:00
1443,680,835,2016-11-07,14:25:00
1444,892,707,2016-08-15,23:37:00
1445,808,599,2016-09-08,10:16:00
1446,740,734,2016-11-01,22:15:00
1447,717,663,2016-10-30,21:52:00
1448,687,612,2016-09-03,03:12:00
1449,962,789,2016-12-25,10:22:00
1450,704,897,2016-09-18,01:08:00
1451,813,679,2016-10-20,15:25:00
1452,601,881,2016-08-02,14:00:00
1453,757,676,2016-12-17,19:18:00
1454,772,658,2016-10-21,19:13:00
1455,819,727,2016-08-04,02:23:00
1456,965,923,2016-08-13,05:24:00
1457,607,563,2016-10-27,20:54:00
1458,998,780,2016-10-07,21:44:00
1459,512,753,2016-10-16,05:30:00
1460,912,826,2016-09-26,18:06:00
1461,690,880,2016-12-30,21:57:00
1462,867,946,2016-11-07,23:02:00
1463,821,876,2016-12-27,13:12:00
1464,549,687,2016-10-20,03:54:00
1465,852,528,2016-08-15,23:06:00
1466,668,783,2016-09-05,19:13:00
1467,889,803,2016-08-05,13:17:00
1468,942,946,2016-08-20,02:49:00
1469,938,623,2016-08-06,09:37:00
1470,881,759,2016-12-03,17:22:00
1471,622,657,2016-11-24,02:03:00
1472,957,699,2016-08-04,18:27:00
1473,916,837,2016-08-13,04:46:00
1474,547,654,2016-08-21,02:08:00
1475,974,860,2016-11-23,01:18:00
1476,958,768,2016-08-08,20:11:00
1477,526,694,2016-11-05,08:59:00
1478,711,962,2016-09-26,00:59:00
1479,609,932,2016-08-12,13:20:00
1480,855,860,2016-12-23,15:03:00
1481,517,516,2016-12-04,00:49:00
1482,721,779,2016-11-05,05:58:00
1483,697,658,2016-10-30,21:17:00
1484,779,754,2016-12-06,14:57:00
1485,553,873,2016-10-16,10:19:00
1486,717,862,2016-09-18,12:04:00
1487,580,769,2016-12-08,05:07:00
1488,596,580,2016-10-29,17:50:00
1489,606,986,2016-09-04,18:16:00
1490,967,895,2016-11-19,02:10:00
1491,607,743,2016-08-30,15:55:00
1492,602,693,2016-08-27,16:40:00
1493,520,706,2016-12-11,02:48:00
1494,916,537,2016-12-13,20:12:00
1495,512,523,2016-12-27,10:40:00
1496,837,772,2016-09-01,00:04:00
1497,851,909,2016-09-17,22:13:00
1498,577,709,2016-11-09,05:28:00
1499,762,607,2016-12-22,04:37:00
1500,914,915,2016-11-14,02:47:00
1501,999,716,2016-10-31,08:31:00
1502,569,559,2016-10-25,01:41:00
1503,634,988,2016-11-19,21:55:00
1504,513,852,2016-12-03,10:01:00
1505,972,920,2016-12-31,17:48:00
1506,807,859,2016-08-08,02:06:00
1507,692,820,2016-08-28,08:42:00
1508,886,527,2016-09-05,19:07:00
1509,850,612,2016-10-02,10:25:00
1510,637,921,2016-09-15,12:18:00
1511,602,894,2016-11-21,15:47:00
1512,763,808,2016-08-06,02:37:00
1513,808,852,2016-08-22,07:34:00
1514,732,705,2016-10-09,04:04:00
1515,731,780,2016-09-10,02:47:00
1516,574,932,2016-11-01,19:43:00
1517,949,871,2016-08-12,14:06:00
1518,755,805,2016-11-30,05:39:00
1519,767,543,2016-08-09,05:23:00
1520,564,894,2016-11-15,08:15:00
1521,631,695,2016-08-06,01:35:00
1522,630,531,2016-11-26,14:40:00
1523,952,542,2016-12-30,05:31:00
1524,989,913,2016-08-12,03:11:00
1525,769,908,2016-11-12,21:12:00
1526,759,772,2016-10-08,10:48:00
1527,604,563,2016-08-31,14:24:00
1528,519,523,2016-10-03,04:03:00
1529,924,985,2016-10-21,12:07:00
1530,544,742,2016-09-03,22:49:00
1531,745,567,2016-11-20,11:04:00
1532,989,512,2016-12-28,19:08:00
1533,656,968,2016-10-18,09:09:00
1534,993,779,2016-08-11,15:37:00
1535,618,988,2016-11-16,04:33:00
1536,535,718,2016-08-29,07:11:00
1537,991,765,2016-10-30,18:16:00
1538,650,989,2016-08-24,15:02:00
1539,706,781,2016-12-17,17:54:00
1540,672,806,2016-11-11,07:48:00
1541,947,709,2016-10-28,13:43:00
1542,513,713,2016-10-07,02:57:00
1543,964,784,2016-11-01,20:07:00
1544,663,664,2016-10-13,08:58:00
1545,718,570,2016-10-07,07:09:00
1546,799,531,2016-09-18,15:48:00
1547,522,820,2016-11-10,11:44:00
1548,748,930,2016-09-23,08:47:00
1549,552,593,2016-09-28,14:19:00
1550,832,516,2016-08-01,08:12:00
1551,712,782,2016-08-13,19:19:00
1552,711,923,2016-10-18,13:34:00
1553,628,690,2016-12-23,09:51:00
1554,872,590,2016-09-21,06:22:00
1555,762,730,2016-08-28,20:06:00
1556,683,800,2016-09-14,05:14:00
1557,765,989,2016-08-26,14:39:00
1558,703,934,2016-12-13,04:20:00
1559,702,939,2016-09-21,22:44:00
1560,522,860,2016-08-24,10:28:00
1561,673,790,2016-10-13,16:28:00
1562,599,841,2016-08-11,00:52:00
1563,778,690,2016-12-10,11:40:00
1564,899,625,2016-11-05,16:40:00
1565,597,662,2016-08-12,22:50:00
1566,894,778,2016-09-28,06:34:00
1567,628,591,2016-10-25,19:56:00
1568,660,927,2016-08-15,07:15:00
1569,866,757,2016-09-02,12:20:00
1570,814,922,2016-11-25,21:15:00
1571,924,630,2016-11-05,11:49:00
1572,894,891,2016-08-16,13:48:00
1573,982,855,2016-12-24,07:56:00
1574,961,832,2016-10-17,00:23:00
1575,893,858,2016-09-15,09:57:00
1576,627,831,2016-11-29,21:29:00
1577,935,555,2016-11-14,15:31:00
1578,763,886,2016-10-04,09:00:00
1579,910,549,2016-11-18,18:54:00
1580,652,547,2016-10-21,17:59:00
1581,929,718,2016-11-07,06:10:00
1582,652,656,2016-08-24,19:05:00
1583,562,889,2016-10-31,20:33:00
1584,614,913,2016-08-11,17:03:00
1585,926,631,2016-12-21,10:48:00
1586,844,831,2016-08-01,19:06:00
1587,537,713,2016-08-08,22:44:00
1588,649,533,2016-10-05,14:43:00
1589,519,513,2016-08-07,02:20:00
1590,643,623,2016-11-27,04:20:00
1591,554,921,2016-08-13,00:25:00
1592,565,707,2016-10-19,23:50:00
1593,780,569,2016-12-20,03:31:00
1594,694,810,2016-11-16,19:35:00
1595,765,536,2016-12-06,02:56:00
1596,598,950,2016-11-11,21:11:00
1597,906,652,2016-08-03,13:01:00
1598,601,903,2016-10-15,18:18:00
1599,969,520,2016-08-03,09:40:00
1600,792,765,2016-09-22,19:36:00
1601,989,623,2016-10-15,16:19:00
1602,707,660,2016-12-21,04:27:00
1603,903,756,2016-09-01,04:52:00
1604,525,883,2016-08-19,00:19:00
1605,780,650,2016-09-29,07:06:00
1606,875,572,2016-08-12,20:10:00
1607,657,574,2016-08-06,18:58:00
1608,875,501,2016-11-25,09:41:00
1609,728,615,2016-08-10,04:53:00
1610,559,840,2016-09-10,12:59:00
1611,778,831,2016-12-06,17:03:00
1612,781,621,2016-09-14,15:06:00
1613,778,868,2016-10-11,03:32:00
1614,848,872,2016-11-26,01:54:00
1615,592,985,2016-10-16,02:35:00
1616,900,900,2016-09-06,18:05:00
1617,748,812,2016-08-25,22:26:00
1618,618,715,2016-11-09,19:14:00
1619,601,565,2016-09-11,03:05:00
1620,670,899,2016-08-10,10:59:00
1621,900,870,2016-08-18,11:45:00
1622,617,995,2016-11-02,11:47:00
1623,704,668,2016-09-01,09:43:00
1624,985,578,2016-08-12,10:28:00
1625,621,859,2016-08-28,03:50:00
1626,983,634,2016-09-25,11:03:00
1627,562,875,2016-09-24,11:59:00
1628,975,798,2016-12-02,13:59:00
1629,899,571,2016-11-20,04:58:00
1630,528,817,2016-10-22,19:28:00
1631,618,993,2016-12-06,07:33:00
1632,927,876,2016-08-28,03:54:00
1633,658,560,2016-12-24,20:45:00
1634,631,531,2016-10-24,13:18:00
1635,707,513,2016-09-14,05:16:00
1636,639,688,2016-12-22,21:35:00
1637,738,847,2016-12-09,10:54:00
1638,662,690,2016-11-01,23:16:00
1639,847,799,2016-12-22,05:15:00
1640,615,568,2016-09-23,07:00:00
1641,556,569,2016-12-20,18:25:00
1642,976,601,2016-10-19,22:54:00
1643,713,929,2016-11-27,08:22:00
1644,570,585,2016-12-29,17:50:00
1645,894,845,2016-12-09,14:42:00
1646,795,626,2016-12-19,03:01:00
1647,555,910,2016-12-11,08:34:00
1648,707,837,2016-08-14,10:11:00
1649,903,735,2016-12-06,12:42:00
1650,545,785,2016-11-18,07:44:00
1651,662,902,2016-11-16,15:53:00
1652,626,840,2016-08-02,18:30:00
1653,963,886,2016-08-27,21:59:00
1654,529,1000,2016-10-28,07:51:00
1655,983,952,2016-10-11,10:27:00
1656,637,890,2016-11-23,12:39:00
1657,904,577,2016-08-13,07:28:00
1658,570,916,2016-11-11,20:26:00
1659,872,766,2016-12-01,14:53:00
1660,516,584,2016-11-15,23:31:00
1661,784,625,2016-12-01,08:35:00
1662,923,571,2016-12-14,21:17:00
1663,523,719,2016-12-09,03:58:00
1664,907,520,2016-12-03,02:33:00
1665,537,763,2016-12-07,18:22:00
1666,902,513,2016-11-27,04:04:00
1667,813,717,2016-11-10,22:59:00
1668,930,899,2016-08-12,05:33:00
1669,833,556,2016-11-25,20:29:00
1670,996,830,2016-11-06,07:31:00
1671,800,815,2016-08-18,17:10:00
1672,931,726,2016-10-01,08:21:00
1673,504,834,2016-08-29,13:11:00
1674,758,959,2016-11-27,06:18:00
1675,922,855,2016-10-04,07:49:00
1676,939,975,2016-10-18,23:26:00
1677,637,928,2016-08-02,19:27:00
1678,604,704,2016-12-18,04:39:00
1679,681,737,2016-10-26,06:49:00
1680,729,645,2016-08-08,18:35:00
1681,570,918,2016-10-04,02:53:00
1682,761,998,2016-11-11,17:39:00
1683,585,905,2016-09-10,06:06:00
1684,858,661,2016-12-01,00:23:00
1685,757,880,2016-11-11,06:26:00
1686,943,985,2016-10-09,10:12:00
1687,933,662,2016-12-01,04:17:00
1688,604,671,2016-11-07,15:00:00
1689,678,909,2016-12-18,16:14:00
1690,1000,575,2016-12-01,02:40:00
1691,687,871,2016-10-14,04:14:00
1692,745,898,2016-10-06,03:40:00
1693,571,995,2016-12-20,17:00:00
1694,724,716,2016-12-11,18:33:00
1695,739,815,2016-11-25,04:19:00
1696,531,727,2016-08-17,05:39:00
1697,710,834,2016-09-20,17:52:00
1698,997,899,2016-12-31,06:59:00
1699,884,903,2016-08-14,14:42:00
1700,881,878,2016-12-05,19:54:00
1701,685,592,2016-12-08,09:07:00
1702,999,831,2016-08-03,16:21:00
1703,669,755,2016-11-10,09:16:00
1704,549,569,2016-08-04,21:04:00
1705,957,960,2016-11-22,21:47:00
1706,893,766,2016-10-30,16:40:00
1707,630,952,2016-12-11,12:28:00
1708,742,552,2016-10-02,10:47:00
1709,977,927,2016-11-05,05:54:00
1710,625,784,2016-09-10,22:32:00
1711,698,831,2016-12-15,18:51:00
1712,920,728,2016-08-28,10:24:00
1713,637,677,2016-11-04,11:30:00
1714,969,702,2016-08-23,06:54:00
1715,874,958,2016-11-29,05:12:00
1716,546,810,2016-09-02,02:12:00
1717,958,896,2016-09-03,10:41:00
1718,846,680,2016-08-22,00:12:00
1719,676,615,2016-08-19,12:40:00
1720,525,662,2016-08-09,22:35:00
1721,655,890,2016-11-17,14:41:00
1722,593,778,2016-10-14,08:45:00
1723,695,578,2016-12-13,10:27:00
1724,725,550,2016-08-22,06:22:00
1725,775,925,2016-12-25,09:12:00
1726,976,685,2016-11-18,06:28:00
1727,632,697,2016-10-22,03:38:00
1728,787,618,2016-11-28,15:02:00
1729,969,672,2016-09-18,16:59:00
1730,583,640,2016-08-16,07:40:00
1731,555,509,2016-12-05,17:28:00
1732,711,801,2016-10-03,23:51:00
1733,999,896,2016-10-12,15:44:00
1734,689,862,2016-10-20,03:38:00
1735,705,831,2016-12-19,12:24:00
1736,726,717,2016-10-05,10:05:00
1737,961,569,2016-08-03,07:20:00
1738,548,717,2016-12-04,01:46:00
1739,894,956,2016-10-09,18:03:00
1740,786,905,2016-08-05,02:40:00
1741,658,587,2016-09-12,21:38:00
1742,901,759,2016-09-30,07:45:00
1743,581,964,2016-09-10,21:19:00
1744,810,637,2016-10-15,06:36:00
1745,887,614,2016-10-03,14:58:00
1746,766,525,2016-10-03,00:30:00
1747,637,828,2016-11-07,21:37:00
1748,736,681,2016-08-16,10:59:00
1749,619,693,2016-12-01,20:35:00
1750,984,776,2016-09-25,18:22:00
1751,808,770,2016-12-24,03:59:00
1752,526,549,2016-10-01,06:30:00
1753,727,601,2016-12-03,05:47:00
1754,767,658,2016-12-30,04:13:00
1755,893,746,2016-10-23,18:01:00
1756,743,545,2016-10-25,14:28:00
1757,996,987,2016-11-28,16:18:00
1758,559,754,2016-11-13,00:03:00
1759,741,565,2016-11-09,17:19:00
1760,522,855,2016-09-03,23:05:00
1761,909,755,2016-11-14,07:36:00
1762,668,988,2016-12-18,03:06:00
1763,504,853,2016-11-15,16:28:00
1764,703,739,2016-09-14,15:42:00
1765,674,876,2016-12-18,14:14:00
1766,869,718,2016-08-12,23:28:00
1767,978,686,2016-09-14,20:00:00
1768,633,540,2016-10-12,18:37:00
1769,590,515,2016-10-17,04:50:00
1770,633,986,2016-09-13,15:00:00
1771,598,666,2016-12-13,01:08:00
1772,832,632,2016-10-03,07:50:00
1773,779,860,2016-11-12,05:55:00
1774,671,767,2016-11-13,14:00:00
1775,538,675,2016-09-30,11:06:00
1776,669,865,2016-08-22,20:59:00
1777,951,534,2016-08-27,23:12:00
1778,953,741,2016-12-06,00:07:00
1779,773,767,2016-10-19,02:37:00
1780,934,742,2016-08-17,14:46:00
1781,793,646,2016-10-23,03:59:00
1782,753,663,2016-12-11,22:32:00
1783,945,869,2016-12-21,11:04:00
1784,578,903,2016-12-29,02:39:00
1785,547,978,2016-09-15,11:13:00
1786,929,782,2016-12-02,13:07:00
1787,547,571,2016-09-30,08:13:00
1788,919,576,2016-08-27,12:01:00
1789,826,884,2016-09-13,13:48:00
1790,650,872,2016-08-12,19:12:00
1791,606,768,2016-10-15,05:16:00
1792,863,716,2016-10-29,15:12:00
1793,832,611,2016-09-16,22:45:00
1794,884,752,2016-09-24,00:45:00
1795,741,573,2016-09-11,11:42:00
1796,690,551,2016-12-21,00:20:00
1797,964,975,2016-09-17,11:34:00
1798,837,628,2016-08-04,00:44:00
1799,628,970,2016-11-06,14:15:00
1800,703,784,2016-12-24,20:02:00
1801,674,833,2016-08-28,14:04:00
1802,871,913,2016-09-21,19:17:00
1803,878,880,2016-10-05,01:12:00
1804,787,881,2016-10-07,22:09:00
1805,595,728,2016-09-26,13:01:00
1806,560,546,2016-12-15,03:49:00
1807,805,543,2016-09-14,01:15:00
1808,509,586,2016-08-27,05:36:00
1809,980,544,2016-11-25,07:15:00
1810,679,950,2016-10-05,01:23:00
1811,751,574,2016-12-21,18:57:00
1812,944,573,2016-11-07,23:38:00
1813,715,842,2016-11-18,23:49:00
1814,579,505,2016-10-05,19:13:00
1815,928,799,2016-12-13,10:17:00
1816,727,743,2016-09-25,13:12:00
1817,563,914,2016-11-09,01:02:00
1818,676,641,2016-11-04,01:18:00
1819,734,963,2016-09-15,16:53:00
1820,902,578,2016-08-03,16:21:00
1821,872,872,2016-08-06,02:53:00
1822,992,689,2016-08-06,09:41:00
1823,642,919,2016-11-11,10:54:00
1824,685,909,2016-08-03,18:56:00
1825,819,778,2016-08-07,15:15:00
1826,946,592,2016-12-18,03:47:00
1827,853,867,2016-11-21,17:52:00
1828,849,766,2016-08-27,09:08:00
1829,998,853,2016-09-25,08:36:00
1830,880,511,2016-10-29,10:32:00
1831,842,819,2016-11-20,21:04:00
1832,994,561,2016-10-19,04:47:00
1833,553,650,2016-09-18,02:08:00
1834,887,916,2016-11-24,23:16:00
1835,889,890,2016-08-12,20:54:00
1836,908,836,2016-10-30,21:19:00
1837,801,724,2016-09-27,14:43:00
1838,542,873,2016-10-02,05:28:00
1839,735,530,2016-08-27,23:41:00
1840,507,643,2016-11-14,21:59:00
1841,594,856,2016-12-04,21:47:00
1842,655,832,2016-12-30,10:22:00
1843,560,974,2016-11-27,15:28:00
1844,947,894,2016-10-14,01:44:00
1845,761,558,2016-08-28,07:21:00
1846,571,913,2016-08-13,22:48:00
1847,535,793,2016-11-19,17:59:00
1848,891,554,2016-10-16,06:01:00
1849,999,739,2016-09-24,02:00:00
1850,524,679,2016-12-05,19:38:00
1851,751,562,2016-12-07,21:10:00
1852,857,761,2016-10-19,20:54:00
1853,776,820,2016-12-11,08:15:00
1854,597,560,2016-09-03,16:18:00
1855,890,717,2016-08-22,15:16:00
1856,773,568,2016-12-13,21:35:00
1857,754,813,2016-09-24,05:43:00
1858,715,989,2016-09-04,11:14:00
1859,888,771,2016-08-08,16:29:00
1860,661,644,2016-09-24,10:07:00
1861,636,629,2016-08-20,19:02:00
1862,777,698,2016-09-01,20:41:00
1863,958,976,2016-11-01,21:13:00
1864,574,536,2016-11-03,19:24:00
1865,959,735,2016-12-22,17:51:00
1866,791,965,2016-10-21,17:51:00
1867,945,747,2016-10-04,13:59:00
1868,886,972,2016-11-09,18:07:00
1869,858,601,2016-12-21,04:33:00
1870,839,807,2016-10-20,02:27:00
1871,903,998,2016-11-29,12:58:00
1872,866,622,2016-09-24,21:17:00
1873,963,893,2016-09-06,17:09:00
1874,929,952,2016-12-07,22:58:00
1875,763,563,2016-08-21,19:11:00
1876,586,758,2016-09-02,19:53:00
1877,629,568,2016-09-30,16:17:00
1878,861,793,2016-11-01,05:33:00
1879,585,715,2016-08-19,08:52:00
1880,789,565,2016-10-23,20:51:00
1881,529,530,2016-12-20,03:26:00
1882,771,676,2016-11-07,00:45:00
1883,693,638,2016-10-10,06:33:00
1884,593,628,2016-11-04,19:34:00
1885,952,736,2016-11-05,21:13:00
1886,650,623,2016-08-18,18:54:00
1887,920,579,2016-09-22,04:47:00
1888,995,845,2016-11-26,08:01:00
1889,955,718,2016-09-18,11:25:00
1890,829,518,2016-11-12,04:29:00
1891,990,853,2016-11-19,09:05:00
1892,671,952,2016-12-06,03:18:00
1893,831,697,2016-09-30,00:18:00
1894,746,942,2016-10-10,14:40:00
1895,895,531,2016-08-25,20:06:00
1896,820,683,2016-12-21,06:35:00
1897,994,863,2016-09-16,10:28:00
1898,929,966,2016-10-23,10:09:00
1899,847,680,2016-09-16,08:10:00
1900,932,940,2016-08-19,20:29:00
1901,661,765,2016-11-05,03:32:00
1902,958,919,2016-08-22,17:41:00
1903,688,872,2016-10-19,23:04:00
1904,745,561,2016-12-09,12:04:00
1905,972,855,2016-12-19,16:14:00
1906,974,831,2016-11-13,06:27:00
1907,945,583,2016-08-11,10:34:00
1908,621,775,2016-08-18,09:17:00
1909,574,819,2016-12-20,10:20:00
1910,540,984,2016-12-09,05:12:00
1911,862,968,2016-11-14,08:44:00
1912,617,737,2016-11-17,04:46:00
1913,519,790,2016-10-26,16:58:00
1914,637,895,2016-09-06,16:58:00
1915,583,599,2016-10-14,02:33:00
1916,892,918,2016-08-19,14:30:00
1917,782,799,2016-12-27,20:36:00
1918,872,883,2016-11-20,07:44:00
1919,969,723,2016-08-30,00:28:00
1920,669,965,2016-09-29,22:15:00
1921,973,606,2016-11-03,13:54:00
1922,932,744,2016-10-23,05:56:00
1923,825,799,2016-12-11,23:58:00
1924,617,851,2016-10-23,13:34:00
1925,982,909,2016-09-25,10:50:00
1926,502,599,2016-11-19,07:22:00
1927,944,912,2016-09-09,03:40:00
1928,747,569,2016-09-07,08:41:00
1929,773,655,2016-12-24,08:48:00
1930,512,932,2016-10-02,14:53:00
1931,937,730,2016-11-28,20:54:00
1932,765,964,2016-11-02,05:43:00
1933,751,903,2016-08-05,12:52:00
1934,560,554,2016-10-12,20:36:00
1935,877,723,2016-10-23,20:30:00
1936,540,567,2016-10-03,17:19:00
1937,766,907,2016-12-22,16:09:00
1938,957,568,2016-11-28,21:08:00
1939,765,541,2016-12-04,08:28:00
1940,987,848,2016-12-14,18:34:00
1941,874,863,2016-12-21,14:44:00
1942,509,614,2016-10-04,10:46:00
1943,634,648,2016-11-04,14:20:00
1944,725,946,2016-12-23,08:14:00
1945,968,576,2016-10-16,11:00:00
1946,928,968,2016-12-04,15:43:00
1947,712,805,2016-11-20,12:19:00
1948,512,636,2016-08-21,04:13:00
1949,884,680,2016-11-10,03:36:00
1950,996,986,2016-10-30,23:00:00
1951,860,743,2016-09-05,13:44:00
1952,851,804,2016-11-04,13:41:00
1953,683,530,2016-10-30,01:37:00
1954,587,507,2016-12-14,01:22:00
1955,755,568,2016-11-10,16:47:00
1956,787,944,2016-12-04,19:42:00
1957,843,842,2016-09-13,20:29:00
1958,662,710,2016-08-09,11:56:00
1959,848,793,2016-09-26,06:16:00
1960,533,938,2016-08-04,17:47:00
1961,945,844,2016-09-07,14:59:00
1962,858,929,2016-09-12,05:41:00
1963,579,759,2016-08-02,12:38:00
1964,676,554,2016-12-26,22:10:00
1965,788,549,2016-11-17,13:05:00
1966,547,741,2016-12-14,08:05:00
1967,645,622,2016-08-06,10:45:00
1968,781,707,2016-09-26,17:08:00
1969,752,840,2016-09-17,08:15:00
1970,874,889,2016-10-04,12:23:00
1971,513,826,2016-09-13,06:44:00
1972,633,871,2016-12-19,16:32:00
1973,911,534,2016-09-09,03:37:00
1974,897,533,2016-10-08,15:02:00
1975,980,830,2016-08-04,03:45:00
1976,625,554,2016-12-15,21:46:00
1977,551,505,2016-12-20,11:00:00
1978,786,923,2016-08-13,21:33:00
1979,605,842,2016-12-17,10:58:00
1980,902,966,2016-10-06,03:00:00
1981,713,734,2016-12-15,10:08:00
1982,678,901,2016-10-09,19:46:00
1983,971,976,2016-10-09,01:44:00
1984,704,858,2016-11-13,15:16:00
1985,850,794,2016-11-22,12:50:00
1986,952,711,2016-08-14,01:34:00
1987,578,880,2016-09-04,04:17:00
1988,697,857,2016-12-07,05:21:00
1989,674,649,2016-09-05,11:47:00
1990,610,745,2016-09-28,22:21:00
1991,832,551,2016-11-11,09:53:00
1992,943,819,2016-08-27,11:20:00
1993,785,617,2016-09-19,00:11:00
1994,785,645,2016-08-28,04:42:00
1995,810,741,2016-09-27,20:26:00
1996,772,782,2016-11-21,18:49:00
1997,539,770,2016-08-14,23:25:00
1998,999,950,2016-09-22,22:57:00
1999,844,895,2016-12-21,10:50:00
2000,589,960,2016-11-09,13:30:00
